,tuning_group,train_MSE,test_MSE,train_RMSE,test_RMSE,train_MAE,test_MAE,train_MAPE,test_MAPE,train_R2,test_R2,sec_conv,perform_validation,num_train_samples,input_1,input_2,#_epochs,#filters_conv1,filter_size_conv1,act_func_conv1,#filters_conv2,filter_size_conv2,act_func_conv2,dense_neurons,act_func_dense
0,1,355.8959045,337.1485655,18.86520386,18.36160574,14.57865334,13.61984686,59482784.0,149.6220473,0.796309471,0.804763138,False,False,17731,30,14,3,32,3,sigmoid,16,5,relu,50,relu
1,1,261.3375244,261.644746,16.16593742,16.1754365,12.57414436,12.33461508,64940664.0,137.7683917,0.850428641,0.848486125,False,False,17731,30,14,3,64,3,sigmoid,16,5,relu,50,relu
2,1,237.4783173,241.5704796,15.41033173,15.54253774,12.07453346,11.73731896,75410768.0,144.2812513,0.864083648,0.86011076,False,False,17731,30,14,3,128,3,sigmoid,16,5,relu,50,relu
3,1,213.6642151,233.558094,14.61725712,15.28260757,11.42016792,11.45281713,68126056.0,140.9747809,0.877712965,0.864750624,False,False,17731,30,14,3,256,3,sigmoid,16,5,relu,50,relu
4,1,204.8257294,241.2397809,14.3117342,15.5318956,11.1619091,11.78425084,52648680.0,151.2770217,0.882771671,0.860302269,False,False,17731,30,14,3,512,3,sigmoid,16,5,relu,50,relu
5,1,287.872467,258.6663533,16.9668045,16.0831077,13.10584641,11.97057502,59131460.0,147.4099031,0.835241497,0.850210845,False,False,17731,30,14,4,32,3,sigmoid,16,5,relu,50,relu
6,1,210.4225922,227.7186368,14.50594997,15.09034913,11.2637291,11.3523825,38350452.0,145.5651973,0.879568338,0.868132114,False,False,17731,30,14,4,64,3,sigmoid,16,5,relu,50,relu
7,1,203.5502319,246.4004705,14.2671032,15.69714848,11.19959259,12.06666656,56108536.0,151.7552129,0.88350153,0.857313812,False,False,17731,30,14,4,128,3,sigmoid,16,5,relu,50,relu
8,1,183.4599915,224.8856784,13.54474068,14.9961888,10.27000904,11.02966093,42406780.0,147.017653,0.895000041,0.869772613,False,False,17731,30,14,4,256,3,sigmoid,16,5,relu,50,relu
9,1,193.6993256,254.9861084,13.91759014,15.96828445,10.73261738,12.03721222,41657932.0,137.4579301,0.889139593,0.85234201,False,False,17731,30,14,4,512,3,sigmoid,16,5,relu,50,relu
10,1,210.1603241,233.0150759,14.49690723,15.26483134,11.22559929,11.94253228,28458708.0,147.4184281,0.879718184,0.865065038,False,False,17731,30,14,5,32,3,sigmoid,16,5,relu,50,relu
11,1,193.044632,220.3857731,13.8940506,14.84539569,10.68441105,11.15892464,29057750.0,142.472713,0.889514446,0.872378409,False,False,17731,30,14,5,64,3,sigmoid,16,5,relu,50,relu
12,1,187.8037415,224.5599902,13.7041502,14.98532583,10.54212093,11.19682168,28929288.0,147.3766543,0.892513931,0.869961202,False,False,17731,30,14,5,128,3,sigmoid,16,5,relu,50,relu
13,1,179.6014862,250.0802454,13.40154743,15.81392568,10.28099918,11.66627425,34600184.0,153.2039329,0.897208214,0.855182886,False,False,17731,30,14,5,256,3,sigmoid,16,5,relu,50,relu
14,1,181.738739,224.8156214,13.48105145,14.99385279,10.22132778,11.07847982,36589088.0,148.0760621,0.895985126,0.869813204,False,False,17731,30,14,5,512,3,sigmoid,16,5,relu,50,relu
15,1,185.7500458,237.5765272,13.62901497,15.41351768,10.51074886,11.61466468,28837442.0,151.9195694,0.893689036,0.862423539,False,False,17731,30,14,6,32,3,sigmoid,16,5,relu,50,relu
16,1,182.6898956,228.7177709,13.51628304,15.12341796,10.29458904,11.33173896,23347930.0,148.3399964,0.89544034,0.867553532,False,False,17731,30,14,6,64,3,sigmoid,16,5,relu,50,relu
17,1,177.7540436,223.5702607,13.33244324,14.95226607,10.07738876,11.15115373,38232144.0,143.5590176,0.8982656,0.87053436,False,False,17731,30,14,6,128,3,sigmoid,16,5,relu,50,relu
18,1,176.0395508,227.3602369,13.26799011,15.07846932,10.03872776,11.19513338,32926330.0,146.841601,0.899246871,0.868339658,False,False,17731,30,14,6,256,3,sigmoid,16,5,relu,50,relu
19,1,181.0564575,271.2042263,13.45572186,16.4682794,10.14953327,11.96824579,31859292.0,133.2968168,0.896375537,0.842950344,False,False,17731,30,14,6,512,3,sigmoid,16,5,relu,50,relu
20,1,176.0939636,235.4040964,13.27004051,15.34288423,10.13658237,11.91136557,21327732.0,142.1835162,0.899215817,0.863681614,False,False,17731,30,14,9,32,3,sigmoid,16,5,relu,50,relu
21,1,174.4720612,245.1217262,13.20878696,15.65636376,10.10668468,12.22777262,23369168.0,141.3990163,0.900144041,0.85805428,False,False,17731,30,14,9,64,3,sigmoid,16,5,relu,50,relu
22,1,166.1719208,227.9547805,12.890769,15.09817143,9.75987339,11.37632855,25673226.0,146.9087026,0.904894471,0.867995381,False,False,17731,30,14,9,128,3,sigmoid,16,5,relu,50,relu
23,1,164.2114563,239.9922378,12.81450176,15.49168286,9.65801239,11.41668343,27301136.0,151.9246868,0.906016469,0.861024678,False,False,17731,30,14,9,256,3,sigmoid,16,5,relu,50,relu
24,1,171.289444,244.9443399,13.08775902,15.65069774,9.990683556,11.62565718,26419376.0,153.4820947,0.901965618,0.858157039,False,False,17731,30,14,9,512,3,sigmoid,16,5,relu,50,relu
25,1,157.4066772,245.4920233,12.54618168,15.66818507,9.54963398,12.22473284,14741088.0,144.5022043,0.909911156,0.857839823,False,False,17731,30,14,15,32,3,sigmoid,16,5,relu,50,relu
26,1,147.2510529,235.2762454,12.13470459,15.3387172,9.170407295,11.75751426,11764186.0,150.3630051,0.915723443,0.863755643,False,False,17731,30,14,15,64,3,sigmoid,16,5,relu,50,relu
27,1,156.4502411,249.6010087,12.50800705,15.79876605,9.53932476,11.88855605,21609836.0,152.2318395,0.910458684,0.855460405,False,False,17731,30,14,15,128,3,sigmoid,16,5,relu,50,relu
28,1,154.7184448,238.4100327,12.43858719,15.44053214,9.479657173,11.96162895,20210112.0,144.4668121,0.911449611,0.86194092,False,False,17731,30,14,15,256,3,sigmoid,16,5,relu,50,relu
29,1,155.646286,231.5261503,12.47582817,15.21598338,9.369217873,11.37728491,19207194.0,140.802206,0.910918713,0.865927219,False,False,17731,30,14,15,512,3,sigmoid,16,5,relu,50,relu
30,2,170.4698792,257.5170893,13.05641174,16.04733901,9.879171371,12.03920244,19951764.0,141.0338325,0.902434826,0.850876331,False,False,17731,30,14,15,512,2,sigmoid,16,5,relu,50,relu
31,2,86.65330505,356.4571543,9.308775902,18.88007294,7.210064888,14.69954689,22998234.0,138.6989992,0.950405359,0.793581903,False,False,17731,30,14,15,512,2,tanh,16,5,relu,50,relu
32,2,52.33311844,281.3975044,7.234163284,16.77490698,5.608018398,12.62536076,15666933.0,148.881049,0.97004813,0.837047577,False,False,17731,30,14,15,512,2,relu,16,5,relu,50,relu
33,2,154.2414551,225.1577932,12.41939831,15.00525885,9.34926033,11.46563584,16426178.0,146.2546951,0.91172266,0.869615078,False,False,17731,30,14,15,512,3,sigmoid,16,5,relu,50,relu
34,2,56.89267731,229.3868879,7.542723656,15.14552369,5.877460003,11.96597294,22262208.0,147.7290021,0.967438519,0.867166042,False,False,17731,30,14,15,512,3,tanh,16,5,relu,50,relu
35,2,31.96345711,246.9007134,5.653623581,15.7130746,4.431232929,11.77204949,15586422.0,145.1580237,0.981706262,0.857024074,False,False,17731,30,14,15,512,3,relu,16,5,relu,50,relu
36,2,147.1322327,245.5006853,12.12980747,15.66846148,9.215818405,11.80007387,15956283.0,149.9326389,0.915791631,0.857834816,False,False,17731,30,14,15,512,4,sigmoid,16,5,relu,50,relu
37,2,39.42079544,297.0254546,6.278598309,17.23442644,4.92111063,13.23611565,19447492.0,142.6912809,0.977438211,0.827997744,False,False,17731,30,14,15,512,4,tanh,16,5,relu,50,relu
38,2,69.08943176,294.7184962,8.312005043,17.16736719,6.379397392,13.25427284,17701858.0,154.811657,0.960457921,0.829333663,False,False,17731,30,14,15,512,4,relu,16,5,relu,50,relu
39,2,118.5312729,232.7191409,10.88720703,15.2551349,8.259918213,11.62115886,13680070.0,148.477232,0.932160735,0.865236402,False,False,17731,30,14,15,512,5,sigmoid,16,5,relu,50,relu
40,2,33.39801788,271.9905024,5.779101849,16.49213456,4.535363197,12.86488493,17927350.0,141.211626,0.980885267,0.842495024,False,False,17731,30,14,15,512,5,tanh,16,5,relu,50,relu
41,2,36.10539627,270.7421639,6.008776665,16.45424455,4.638404369,12.32631446,15503114.0,136.443811,0.979335666,0.843217969,False,False,17731,30,14,15,512,5,relu,16,5,relu,50,relu
42,2,111.5479355,284.4017931,10.56162548,16.86421635,8.079251289,12.69356487,16504568.0,153.8869252,0.936157525,0.835307896,False,False,17731,30,14,15,512,6,sigmoid,16,5,relu,50,relu
43,2,26.13747787,329.6703987,5.112482548,18.15682788,4.000629425,13.88552651,19037570.0,156.6825078,0.985040665,0.809093595,False,False,17731,30,14,15,512,6,tanh,16,5,relu,50,relu
44,2,28.82065964,292.7807553,5.368487835,17.11083736,4.184262753,12.42470818,16888864.0,153.4221213,0.983505011,0.83045578,False,False,17731,30,14,15,512,6,relu,16,5,relu,50,relu
45,2,85.02780914,277.8022368,9.22105217,16.66740042,7.076342583,12.71297921,12036992.0,148.9625335,0.951335967,0.839129567,False,False,17731,30,14,15,512,8,sigmoid,16,5,relu,50,relu
46,2,16.96808434,317.0778645,4.119233608,17.80668033,3.225482225,13.51720613,16206776.0,151.5670758,0.990288615,0.816385746,False,False,17731,30,14,15,512,8,tanh,16,5,relu,50,relu
47,2,20.69344521,347.9645743,4.549005032,18.65380857,3.499117136,14.01344883,18211240.0,150.7568316,0.988156497,0.798499823,False,False,17731,30,14,15,512,8,relu,16,5,relu,50,relu
48,2,61.37809372,344.0987347,7.834417343,18.54989851,6.103433132,14.34423747,17816898.0,158.9536026,0.964871287,0.800738454,False,False,17731,30,14,15,512,10,sigmoid,16,5,relu,50,relu
49,2,14.0115242,343.4931767,3.743196964,18.53356891,2.907707214,14.31411838,15521666.0,147.9606406,0.991980731,0.801089048,False,False,17731,30,14,15,512,10,tanh,16,5,relu,50,relu
50,2,14.91617107,298.9555498,3.862145901,17.29033111,2.977670908,13.27719015,16241008.0,148.3395212,0.991463006,0.826880038,False,False,17731,30,14,15,512,10,relu,16,5,relu,50,relu
51,2,44.50678635,300.8322821,6.671340466,17.34451735,5.196361542,13.55110722,16724345.0,145.3091252,0.974527299,0.825793266,False,False,17731,30,14,15,512,12,sigmoid,16,5,relu,50,relu
52,2,10.92227077,336.2120983,3.304885864,18.33608732,2.557325125,14.10834023,14984516.0,154.234259,0.993748844,0.805305481,False,False,17731,30,14,15,512,12,tanh,16,5,relu,50,relu
53,2,13.50134087,339.4937091,3.674417019,18.42535506,2.822371721,14.21524547,14368221.0,148.0388968,0.992272735,0.803405106,False,False,17731,30,14,15,512,12,relu,16,5,relu,50,relu
54,2,22.79222298,284.331745,4.774120331,16.8621394,3.744858027,13.38557325,17292866.0,148.2121767,0.986955285,0.835348427,False,False,17731,30,14,15,512,15,sigmoid,16,5,relu,50,relu
55,2,7.034523487,306.1272576,2.652267694,17.49649272,2.055098295,13.82374525,11469450.0,154.4462954,0.995973885,0.822727025,False,False,17731,30,14,15,512,15,tanh,16,5,relu,50,relu
56,2,14.07594681,302.7144818,3.751792431,17.39869196,2.814169884,12.952753,15360114.0,147.9406959,0.991943896,0.824703336,False,False,17731,30,14,15,512,15,relu,16,5,relu,50,relu
57,3,319.9693603515625,333.4146166706637,17.88768768310547,18.25964448368762,13.844962120056152,13.563537030220033,57091936.0,152.83374367191664,0.816871702671051,0.8069254159927368,False,False,17731,30,14,4,16,2,sigmoid,16,5,relu,50,relu
58,3,248.7244873046875,258.18249562667427,15.771001815795898,16.068058240704577,12.266791343688965,12.254407699108125,49430576.0,144.16895931927374,0.8576472997665405,0.8504910469055176,False,False,17731,30,14,4,32,2,sigmoid,16,5,relu,50,relu
59,3,225.3668365478516,269.2430005778295,15.01222324371338,16.408625797970696,11.638967514038086,12.358926291465758,38582356.0,153.57018516413854,0.8710149526596069,0.8440860509872437,False,False,17731,30,14,4,48,2,sigmoid,16,5,relu,50,relu
60,3,232.5888671875,251.4309642176829,15.250864028930664,15.856574794629603,11.93498992919922,12.178818724155429,59352292.0,142.52478770378318,0.8668819069862366,0.8544006943702698,False,False,17731,30,14,4,64,2,sigmoid,16,5,relu,50,relu
61,3,227.8149871826172,246.5041682644228,15.093541145324709,15.700451212128357,11.742895126342772,11.927457101345064,41736216.0,146.0519528237461,0.8696141242980957,0.8572537302970886,False,False,17731,30,14,4,80,2,sigmoid,16,5,relu,50,relu
62,3,224.544921875,255.0815861731103,14.984823226928713,15.971273780544566,11.831551551818848,12.46000883102417,69645456.0,144.19492299014712,0.871485710144043,0.852286696434021,False,False,17731,30,14,4,96,2,sigmoid,16,5,relu,50,relu
63,3,218.358154296875,257.51582947225285,14.776947021484377,16.047299756415498,11.583343505859377,12.427443912625312,55938056.0,145.96002430836293,0.8750265836715698,0.8508771061897278,False,False,17731,30,14,4,112,2,sigmoid,16,5,relu,50,relu
64,3,208.8244171142578,251.72875693843608,14.45075798034668,15.86596221281382,11.189470291137695,11.60625765144825,53361056.0,149.76666793799106,0.8804833889007568,0.8542282581329346,False,False,17731,30,14,4,128,2,sigmoid,16,5,relu,50,relu
65,3,350.60400390625,356.24472691130666,18.724422454833984,18.874446400128047,14.51039218902588,13.441659178733826,64120444.0,151.5143159918723,0.7993379831314087,0.7937048673629761,False,False,17731,30,14,4,16,3,sigmoid,16,5,relu,50,relu
66,3,234.0219573974609,248.99963490844988,15.297776222229004,15.779722269686811,12.009112358093262,12.013336015343668,61657560.0,148.09817374541385,0.8660616278648376,0.855808675289154,False,False,17731,30,14,4,32,3,sigmoid,16,5,relu,50,relu
67,3,219.34622192382807,232.82175264267903,14.810341835021973,15.258497719063929,11.524056434631348,11.421531572714448,45486648.0,145.68149679713645,0.8744614720344543,0.8651769757270813,False,False,17731,30,14,4,48,3,sigmoid,16,5,relu,50,relu
68,3,208.03530883789065,230.2868715951314,14.423429489135742,15.175205817224734,11.26124095916748,11.600399619108066,53016488.0,147.92684677821296,0.880934476852417,0.8666448593139648,False,False,17731,30,14,4,64,3,sigmoid,16,5,relu,50,relu
69,3,222.9554901123047,232.15449431602465,14.93169403076172,15.236616892080232,11.608538627624512,11.623578078746796,61987460.0,145.10747413027252,0.8723957538604736,0.8655633926391602,False,False,17731,30,14,4,80,3,sigmoid,16,5,relu,50,relu
70,3,202.6324615478516,229.98335896571828,14.234903335571287,15.165202239525795,11.136199951171877,11.579886074662207,55694544.0,146.9613599531099,0.8840271830558777,0.8668206930160522,False,False,17731,30,14,4,96,3,sigmoid,16,5,relu,50,relu
71,3,198.2841186523437,247.64671741939983,14.081339836120604,15.73679501739156,10.94965648651123,11.916704903542996,51247760.0,153.61280261814193,0.8865159153938293,0.8565921187400818,False,False,17731,30,14,4,112,3,sigmoid,16,5,relu,50,relu
72,3,205.0596160888672,247.73591195998563,14.319902420043944,15.739628710995238,11.235159873962402,12.094307376146316,65743588.0,139.09474193107377,0.8826378583908081,0.8565404415130615,False,False,17731,30,14,4,128,3,sigmoid,16,5,relu,50,relu
73,3,262.6214294433594,271.2046963062349,16.205598831176758,16.46829366711181,12.679244995117188,12.268203301429748,50027632.0,147.79736003094638,0.8496936559677124,0.8429501056671143,False,False,17731,30,14,4,16,4,sigmoid,16,5,relu,50,relu
74,3,227.0685577392578,264.8089837274495,15.06879425048828,16.27295252028499,11.62868881225586,12.051165399551392,32547648.0,150.1602429140838,0.8700413703918457,0.8466537594795227,False,False,17731,30,14,4,32,4,sigmoid,16,5,relu,50,relu
75,3,221.24267578125,260.5034074175184,14.874228477478027,16.14011794930627,11.479574203491213,11.86954060330987,38127076.0,149.7749162027598,0.8733757734298706,0.8491470217704773,False,False,17731,30,14,4,48,4,sigmoid,16,5,relu,50,relu
76,3,226.77899169921875,257.4501758615931,15.05918312072754,16.045253998039204,11.627762794494627,11.983118327260016,39430828.0,148.21823412235372,0.8702075481414795,0.8509150743484497,False,False,17731,30,14,4,64,4,sigmoid,16,5,relu,50,relu
77,3,232.09629821777344,253.2081679433768,15.23470687866211,15.91251607833836,11.77919101715088,11.97660408258438,36542164.0,146.30967361994033,0.8671640157699585,0.8533716201782227,False,False,17731,30,14,4,80,4,sigmoid,16,5,relu,50,relu
78,3,219.07339477539065,254.48382988889497,14.801128387451172,15.952549322565812,11.49752140045166,12.128215606212615,41467632.0,142.62646051646675,0.8746169209480286,0.8526328802108765,False,False,17731,30,14,4,96,4,sigmoid,16,5,relu,50,relu
79,3,215.565170288086,245.2782467914672,14.682137489318848,15.661361588044226,11.383444786071776,11.919201216697694,49635884.0,144.22219493260368,0.8766252994537354,0.8579636812210083,False,False,17731,30,14,4,112,4,sigmoid,16,5,relu,50,relu
80,3,224.3177185058593,241.2652937209832,14.977239608764648,15.532716881504768,11.618778228759766,11.718675134181977,67617536.0,141.97515409645638,0.8716159462928772,0.8602874875068665,False,False,17731,30,14,4,128,4,sigmoid,16,5,relu,50,relu
81,3,336.2778015136719,364.0379810757916,18.337879180908203,19.079779377020888,14.043021202087402,14.149320878982545,57730312.0,146.85572711826435,0.8075377941131592,0.7891919612884521,False,False,17731,30,14,4,16,5,sigmoid,16,5,relu,50,relu
82,3,228.0736389160156,250.0558295304385,15.102107048034668,15.813153687055548,11.65106201171875,11.745953795313834,42466336.0,149.31130536600116,0.8694660663604736,0.855197012424469,False,False,17731,30,14,4,32,5,sigmoid,16,5,relu,50,relu
83,3,223.8689117431641,236.97263490398888,14.962249755859377,15.3939155156831,11.556475639343262,11.504658812880516,47537660.0,146.50281757907968,0.8718730807304382,0.8627732992172241,False,False,17731,30,14,4,48,5,sigmoid,16,5,relu,50,relu
84,3,201.63417053222656,234.1659681028471,14.19979476928711,15.302482416354776,10.97510051727295,11.409718225002289,35773404.0,145.05807144605052,0.8845982551574707,0.8643985986709595,False,False,17731,30,14,4,64,5,sigmoid,16,5,relu,50,relu
85,3,222.7372283935547,247.70901757942,14.924384117126465,15.73877433536106,11.459829330444336,11.599136791229247,38017928.0,147.3245014909005,0.8725200295448303,0.8565560579299927,False,False,17731,30,14,4,80,5,sigmoid,16,5,relu,50,relu
86,3,202.60501098632807,231.83309597424943,14.233939170837402,15.226066332912431,10.968361854553224,11.380466305315494,30186850.0,146.2876394399665,0.8840429186820984,0.8657494783401489,False,False,17731,30,14,4,96,5,sigmoid,16,5,relu,50,relu
87,3,196.9232177734375,242.141183330301,14.032933235168455,15.560886328557928,10.798589706420898,11.594609046578409,34437068.0,148.95374449463964,0.887294590473175,0.8597803115844727,False,False,17731,30,14,4,112,5,sigmoid,16,5,relu,50,relu
88,3,196.36924743652344,230.4491537723196,14.01318073272705,15.180551827002851,10.75855541229248,11.391040325164797,25039784.0,145.29602488893417,0.8876116275787354,0.8665509223937988,False,False,17731,30,14,4,128,5,sigmoid,16,5,relu,50,relu
89,3,340.1319885253906,379.58421814068527,18.44266700744629,19.48292119115317,14.27012538909912,14.4151460647583,59894168.0,145.54722936250673,0.8053315877914429,0.7801893949508667,False,False,17731,30,14,4,16,6,sigmoid,16,5,relu,50,relu
90,3,223.1230010986328,300.3743930068905,14.937302589416504,17.331312500987643,11.477069854736328,12.75858766078949,26037208.0,155.33842601519422,0.87229984998703,0.8260584473609924,False,False,17731,30,14,4,32,6,sigmoid,16,5,relu,50,relu
91,3,239.17105102539065,270.1117498581405,15.465155601501465,16.435076813271685,11.820723533630373,11.746111429929734,27742174.0,147.29447592615892,0.8631149530410767,0.8435829877853394,False,False,17731,30,14,4,48,6,sigmoid,16,5,relu,50,relu
92,3,231.34169006347656,255.97684120427115,15.209920883178713,15.999276271265249,11.731781959533691,11.7005975151062,36765524.0,146.08679548384765,0.8675955533981323,0.8517682552337646,False,False,17731,30,14,4,64,6,sigmoid,16,5,relu,50,relu
93,3,217.65249633789065,254.0990460518144,14.753050804138184,15.94048449865356,11.394439697265623,11.755984573364255,38502644.0,145.02321078591015,0.8754304051399231,0.8528556823730469,False,False,17731,30,14,4,80,6,sigmoid,16,5,relu,50,relu
94,3,216.0110015869141,250.38686388916048,14.697312355041504,15.823617282061662,11.336484909057615,11.655999546051026,37092500.0,145.14164925566016,0.8763699531555176,0.8550053238868713,False,False,17731,30,14,4,96,6,sigmoid,16,5,relu,50,relu
95,3,205.29502868652344,245.1248191872451,14.328120231628418,15.656462537471391,11.098322868347168,11.858105512857437,40887212.0,144.56828320791956,0.882503092288971,0.8580524921417236,False,False,17731,30,14,4,112,6,sigmoid,16,5,relu,50,relu
96,3,209.413803100586,264.4376201505848,14.471137046813965,16.261538062267814,11.118183135986328,11.921531143877656,34030844.0,152.97687473517436,0.8801459670066833,0.8468688130378723,False,False,17731,30,14,4,128,6,sigmoid,16,5,relu,50,relu
97,3,267.9781188964844,275.0686786559561,16.370037078857422,16.585194561896344,12.69412899017334,12.32938349723816,44945444.0,147.66401553836647,0.8466274738311768,0.8407125473022461,False,False,17731,30,14,4,16,8,sigmoid,16,5,relu,50,relu
98,3,237.6825408935547,259.4383806186668,15.416955947875977,16.10709100423372,11.834145545959473,11.58978931427002,23129602.0,148.21394203067803,0.8639668822288513,0.8497637510299683,False,False,17731,30,14,4,32,8,sigmoid,16,5,relu,50,relu
99,3,208.46690368652344,251.8832848170925,14.438383102416992,15.870831257911242,11.087117195129396,11.93873880147934,21049162.0,141.5178037417214,0.8806875348091125,0.8541387915611267,False,False,17731,30,14,4,48,8,sigmoid,16,5,relu,50,relu
100,3,251.50978088378903,263.7743829171621,15.859060287475586,16.241132439493317,12.246997833251951,11.73682907104492,34949612.0,147.17100214981238,0.8560527563095093,0.8472528457641602,False,False,17731,30,14,4,64,8,sigmoid,16,5,relu,50,relu
101,3,217.66018676757807,253.6683418750914,14.753311157226562,15.92696901092896,11.23421573638916,11.689252409934998,23045846.0,147.18412175707306,0.8754261136054993,0.8531050682067871,False,False,17731,30,14,4,80,8,sigmoid,16,5,relu,50,relu
102,3,205.26580810546875,273.41193308632023,14.32710075378418,16.535172605277523,10.962882995605469,12.28341910123825,20773082.0,153.07404611786896,0.8825200796127319,0.8416719436645508,False,False,17731,30,14,4,96,8,sigmoid,16,5,relu,50,relu
103,3,209.67755126953125,256.5768737323481,14.480246543884276,16.018017159821877,11.183302879333496,11.761186294555664,40142340.0,146.66970335980022,0.8799946308135986,0.8514208197593689,False,False,17731,30,14,4,112,8,sigmoid,16,5,relu,50,relu
104,3,203.6269989013672,285.67964169726014,14.269793510437012,16.902060279659995,10.907026290893556,12.855285058021543,25791544.0,137.01508983141895,0.8834576606750488,0.8345679044723511,False,False,17731,30,14,4,128,8,sigmoid,16,5,relu,50,relu
105,4,207.7963409423828,228.4076522577245,14.415143013000488,15.113161557322298,10.959883689880373,11.197552754878998,22561084.0,147.42103465054697,0.8810715079307556,0.8677331209182739,True,False,17731,30,14,4,48,3,sigmoid,16,5,relu,50,relu
106,4,283.01593017578125,355.2554595497246,16.823078155517578,18.84822165483324,13.038957595825195,14.05288119316101,52442468.0,155.65599404186682,0.8380210399627686,0.7942777872085571,True,False,17731,30,14,4,48,3,sigmoid,16,5,sigmoid,50,relu
107,4,205.4686889648437,229.4226248694788,14.334178924560549,15.146703432413233,10.901241302490234,11.1094087266922,25314416.0,142.83231843125765,0.8824038505554199,0.8671453595161438,True,False,17731,30,14,4,48,3,sigmoid,16,5,tanh,50,relu
108,4,205.5525665283203,216.86062127374265,14.33710479736328,14.726188280534194,10.793950080871582,10.86077178478241,18635816.0,145.5487052062987,0.8823553323745728,0.8744198083877563,True,False,17731,30,14,4,48,3,sigmoid,32,5,relu,50,relu
109,4,287.76568603515625,326.035140381591,16.96365737915039,18.0564431819113,13.132085800170898,13.259154987335204,59393000.0,151.39784756383128,0.8353027701377869,0.8111987113952637,True,False,17731,30,14,4,48,3,sigmoid,32,5,sigmoid,50,relu
110,4,197.5099639892578,238.5598041080396,14.053823471069336,15.44538131960618,10.669448852539062,11.40668551325798,27441864.0,151.2310242480654,0.8869585990905762,0.8618541955947876,True,False,17731,30,14,4,48,3,sigmoid,32,5,tanh,50,relu
111,4,205.90496826171875,234.83601572738124,14.34938907623291,15.324360206135236,10.849019050598145,11.087505593299866,18119208.0,151.50643928665642,0.8821539878845215,0.8640105724334717,True,False,17731,30,14,4,48,3,sigmoid,48,5,relu,50,relu
112,4,264.9903869628906,280.6126872265829,16.27852439880371,16.751498059176168,12.58728313446045,12.1942276096344,53207304.0,147.73302277068865,0.8483375906944275,0.837502121925354,True,False,17731,30,14,4,48,3,sigmoid,48,5,sigmoid,50,relu
113,4,191.21896362304688,211.0335491741162,13.828194618225098,14.526993810631163,10.463296890258787,10.656910123825073,18852832.0,148.130836064152,0.890559196472168,0.8777941465377808,True,False,17731,30,14,4,48,3,sigmoid,48,5,tanh,50,relu
114,4,201.553466796875,235.6642374694844,14.19695281982422,15.351359466493005,10.690491676330566,11.040183897018432,18960316.0,152.98695354375408,0.8846447467803955,0.8635309338569641,True,False,17731,30,14,4,48,3,sigmoid,64,5,relu,50,relu
115,4,247.60031127929688,277.92319493139905,15.73532009124756,16.67102861047869,12.107625961303713,11.781100044250488,49618492.0,152.8165459319753,0.8582906723022461,0.8390595316886902,True,False,17731,30,14,4,48,3,sigmoid,64,5,sigmoid,50,relu
116,4,190.4068298339844,268.905895078353,13.798798561096191,16.398350376740733,10.407184600830078,12.199664239883424,19876028.0,157.2549058325621,0.891024112701416,0.8442813158035278,True,False,17731,30,14,4,48,3,sigmoid,64,5,tanh,50,relu
117,4,199.35939025878903,219.2699600207614,14.119468688964844,14.807766881632132,10.652029037475586,10.831880340576172,19935596.0,148.40362139340624,0.8859001994132996,0.873024582862854,True,False,17731,30,14,4,48,3,sigmoid,80,5,relu,50,relu
118,4,234.7444610595703,254.5018561293696,15.321372985839844,15.95311430816471,11.760336875915527,11.89622381210327,41525864.0,151.4983477289303,0.8656480312347412,0.852622389793396,True,False,17731,30,14,4,48,3,sigmoid,80,5,sigmoid,50,relu
119,4,187.4538726806641,217.31634563481583,13.69137954711914,14.741653422693664,10.365702629089355,10.981572070121764,21293556.0,145.94252336367083,0.8927140831947327,0.8741558790206909,True,False,17731,30,14,4,48,3,sigmoid,80,5,tanh,50,relu
120,4,198.967025756836,215.4697992863479,14.10556697845459,14.678889579472552,10.586639404296877,10.964860396385191,18743148.0,141.07734796478064,0.8861247301101685,0.8752251863479614,True,False,17731,30,14,4,48,3,sigmoid,96,5,relu,50,relu
121,4,261.2884826660156,266.0359798674806,16.16442108154297,16.310609426611887,12.552701950073242,11.828010339736938,58359592.0,141.3759788119298,0.8504562377929688,0.8459432125091553,True,False,17731,30,14,4,48,3,sigmoid,96,5,sigmoid,50,relu
122,4,184.70925903320312,263.57674527874,13.590778350830078,16.23504682095928,10.203439712524414,12.45224277496338,21098188.0,154.3426770689844,0.8942849040031433,0.8473672866821289,True,False,17731,30,14,4,48,3,sigmoid,96,5,tanh,50,relu
123,4,209.1134185791016,233.07572155040785,14.46075439453125,15.266817662840143,10.984807968139648,11.243667936325073,19322180.0,151.71138327792102,0.8803175091743469,0.8650299310684204,True,False,17731,30,14,4,48,3,sigmoid,128,5,relu,50,relu
124,4,241.47645568847656,249.54936455738283,15.539512634277344,15.79713152940694,12.056777954101562,11.766799631118774,55321924.0,145.2956328489618,0.86179518699646,0.8554903268814087,True,False,17731,30,14,4,48,3,sigmoid,128,5,sigmoid,50,relu
125,4,192.8484802246093,252.8797211206442,13.88698959350586,15.902192336927769,10.5144624710083,12.383856763839722,24289752.0,147.7975377044257,0.8896266222000122,0.8535617589950562,True,False,17731,30,14,4,48,3,sigmoid,128,5,tanh,50,relu
126,4,203.1736297607422,266.86540643679166,14.253898620605469,16.336015623057897,10.740781784057615,11.939450922012329,22536872.0,133.54328731005543,0.8837172389030457,0.8454629182815552,True,False,17731,30,14,4,48,3,sigmoid,256,5,relu,50,relu
127,4,206.1136169433593,221.80771512168343,14.35665798187256,14.89321036988612,10.89166259765625,11.119025855064391,27271208.0,146.6902217723522,0.8820344805717468,0.8715550303459167,True,False,17731,30,14,4,48,3,sigmoid,256,5,sigmoid,50,relu
128,4,185.36764526367188,239.33332004459808,13.614978790283203,15.470401418340703,10.243793487548828,11.54230875968933,17977022.0,151.89616974024747,0.8939079642295837,0.8614062070846558,True,False,17731,30,14,4,48,3,sigmoid,256,5,tanh,50,relu
129,4,202.8094787597656,215.830696983552,14.241119384765623,14.691177522021574,10.773183822631836,10.751348786354065,20371792.0,147.2452054091823,0.8839256763458252,0.8750162124633789,True,False,17731,30,14,4,48,3,sigmoid,384,5,relu,50,relu
130,4,202.1024627685547,218.68344000204408,14.21627426147461,14.787949147939482,10.759224891662598,10.991166648864748,26417818.0,146.41298678007223,0.8843303918838501,0.8733642101287842,True,False,17731,30,14,4,48,3,sigmoid,384,5,sigmoid,50,relu
131,4,186.51632690429688,241.8093493394885,13.657097816467283,15.550220234436829,10.336132049560549,11.893643988370895,22193688.0,141.77942652553727,0.893250584602356,0.8599724769592285,True,False,17731,30,14,4,48,3,sigmoid,384,5,tanh,50,relu
132,4,200.0486297607422,211.0220907044682,14.143855094909668,14.52659941983905,10.659883499145508,10.705058817863463,18751122.0,146.69418293911744,0.8855060338973999,0.8778008222579956,True,False,17731,30,14,4,48,3,sigmoid,512,5,relu,50,relu
133,4,200.0626983642578,217.8826589957428,14.144351959228516,14.76084885756042,10.665975570678713,10.976555814743042,27283740.0,142.016356573687,0.8854976892471313,0.8738279342651367,True,False,17731,30,14,4,48,3,sigmoid,512,5,sigmoid,50,relu
134,4,182.7632751464844,247.3979722667473,13.518997192382812,15.728889734076825,10.236106872558594,12.53076528698206,20770034.0,150.04936389592925,0.8953986763954163,0.8567361831665039,True,False,17731,30,14,4,48,3,sigmoid,512,5,tanh,50,relu
135,5,204.0908203125,227.8197401724004,14.286035537719728,15.093698690923985,10.73276424407959,11.21676633477211,13862315.0,146.83954006481557,0.8828907012939453,0.868073582649231,True,True,17731,30,14,4,48,3,sigmoid,512,2,relu,50,relu
136,5,207.2078857421875,239.6577867948111,14.3947172164917,15.480884561122826,10.983352661132812,11.51682757616043,20751490.0,141.59392697499203,0.8814085125923157,0.8612183332443237,True,False,17731,30,14,4,48,3,sigmoid,512,2,relu,50,relu
137,5,197.5409545898437,231.66644963915493,14.054925918579102,15.220592946372191,10.67029857635498,11.058824415206908,19519536.0,149.4270030199507,0.8866490125656128,0.8658460378646851,True,True,17731,30,14,4,48,3,sigmoid,512,3,relu,50,relu
138,5,199.0257568359375,232.45236383420144,14.107648849487305,15.246388550545388,10.65827178955078,11.128420269489288,19346810.0,140.0382150131534,0.886090874671936,0.8653908967971802,True,False,17731,30,14,4,48,3,sigmoid,512,3,relu,50,relu
139,5,225.88003540039065,236.90164600148427,15.029305458068848,15.391609597487983,11.445300102233888,11.494744062423706,15981221.0,148.56238274363196,0.870387852191925,0.8628143668174744,True,True,17731,30,14,4,48,3,sigmoid,512,4,relu,50,relu
140,5,214.7208251953125,259.47806114831883,14.653355598449709,16.10832272920799,11.04963493347168,11.85188627243042,15298638.0,136.64481852336948,0.8771083950996399,0.8497408032417297,True,False,17731,30,14,4,48,3,sigmoid,512,4,relu,50,relu
141,5,207.8868865966797,215.11532666385352,14.418283462524414,14.6668103779879,10.832002639770508,10.866341319084167,18088028.0,145.11411442359602,0.8807129263877869,0.8754304647445679,True,True,17731,30,14,4,48,3,sigmoid,512,5,relu,50,relu
142,5,205.2379302978516,217.5739722629449,14.326128005981444,14.750388885142822,10.80083465576172,10.952826189994813,20831254.0,140.13117066165574,0.8825358748435974,0.8740067481994629,True,False,17731,30,14,4,48,3,sigmoid,512,5,relu,50,relu
143,5,227.68862915039065,234.6762258097477,15.089354515075684,15.319145727152923,11.380743980407717,11.346641817092896,24204218.0,150.1534991806328,0.8693499565124512,0.8641030788421631,True,True,17731,30,14,4,48,3,sigmoid,512,6,relu,50,relu
144,5,219.83827209472656,238.2633889007483,14.826944351196287,15.435782743377423,11.201170921325684,11.253742098808289,20374958.0,150.4711418623414,0.8741796016693115,0.8620258569717407,True,False,17731,30,14,4,48,3,sigmoid,512,6,relu,50,relu
145,5,223.0164337158203,273.3034881241677,14.933734893798828,16.531893059301094,11.319323539733888,12.143084864616394,23772182.0,154.87510977283122,0.8720309734344482,0.8417347073554993,True,True,17731,30,14,4,48,3,sigmoid,512,8,relu,50,relu
146,5,223.447998046875,247.38672346091343,14.948177337646484,15.728532145782498,11.31452465057373,11.984330234527588,26921498.0,148.5404319352436,0.8721131086349487,0.8567426800727844,True,False,17731,30,14,4,48,3,sigmoid,512,8,relu,50,relu
147,5,228.42384338378903,242.8335795470175,15.113697052001951,15.583118415356328,11.574237823486328,11.218408465385435,26639724.0,149.61515059280583,0.8689285516738892,0.8593792915344238,True,True,17731,30,14,4,48,3,sigmoid,512,10,relu,50,relu
148,5,213.5922393798828,249.8205412573141,14.614795684814451,15.805712298321584,11.097972869873049,11.382367234230042,28614890.0,151.12444205567914,0.8777543902397156,0.8553333282470703,True,False,17731,30,14,4,48,3,sigmoid,512,10,relu,50,relu
149,6,216.4027709960937,233.8495954465662,14.710634231567385,15.292141623937644,11.17189884185791,11.932366371154783,24197312.0,143.71496448772163,0.876145601272583,0.8645817637443542,True,False,17731,30,14,3,16,2,sigmoid,512,5,relu,50,relu
150,6,209.7203521728516,225.0811638290249,14.481724739074709,15.002705217027524,10.979012489318848,11.5263674390316,22012720.0,143.5079681000801,0.8799703121185303,0.869659423828125,True,False,17731,30,14,3,16,3,sigmoid,512,5,relu,50,relu
151,6,230.0238800048828,240.6831849118653,15.16653823852539,15.513967413652296,11.501771926879885,11.58615849494934,22898964.0,150.97755612300352,0.8683502674102783,0.8606245517730713,True,False,17731,30,14,3,16,4,sigmoid,512,5,relu,50,relu
152,6,214.5268096923828,216.69194707434667,14.646733283996582,14.720460151583124,11.137824058532717,10.957949724197388,27055704.0,140.22180670934512,0.8772197961807251,0.8745174407958984,True,False,17731,30,14,3,16,5,sigmoid,512,5,relu,50,relu
153,6,222.06690979003903,239.126983245396,14.901909828186035,15.463731220032116,11.39636516571045,11.594866137504578,22446750.0,150.58356884201075,0.8729037642478943,0.8615257740020752,True,False,17731,30,14,3,32,2,sigmoid,512,5,relu,50,relu
154,6,216.56089782714844,226.7107279802396,14.716008186340332,15.056916283895571,11.114718437194824,10.948135938644407,18595860.0,150.42610151250815,0.8760554194450378,0.868715763092041,True,False,17731,30,14,3,32,3,sigmoid,512,5,relu,50,relu
155,6,227.67120361328125,222.3456838073144,15.088777542114258,14.911260302446417,11.453845977783203,11.203719358444214,21699746.0,142.1965014483551,0.8696963787078857,0.8712434768676758,True,False,17731,30,14,3,32,4,sigmoid,512,5,relu,50,relu
156,6,209.3412322998047,217.09697779370603,14.468628883361816,14.734211135778734,11.031410217285156,10.73970766544342,25110954.0,144.9865376031268,0.8801872730255127,0.874282956123352,True,False,17731,30,14,3,32,5,sigmoid,512,5,relu,50,relu
157,6,223.16165161132807,224.91973862610428,14.93859577178955,14.99732438223913,11.332025527954102,11.32215193271637,20550042.0,146.55988950673418,0.8722772598266602,0.8697528839111328,True,False,17731,30,14,3,64,2,sigmoid,512,5,relu,50,relu
158,6,211.80715942382807,297.64940276606154,14.553596496582031,17.25251873687032,11.00252628326416,13.084068746566771,20730162.0,160.6100069274944,0.878775954246521,0.8276364207267761,True,False,17731,30,14,3,64,3,sigmoid,512,5,relu,50,relu
159,6,233.6405639648437,269.3248401286914,15.28530502319336,16.41111940510736,11.594820022583008,12.14374505519867,20863344.0,133.2157600846798,0.8662800788879395,0.844038724899292,True,False,17731,30,14,3,64,4,sigmoid,512,5,relu,50,relu
160,6,217.9912109375,222.99979932750853,14.764525413513184,14.933177804054584,11.208852767944336,10.995911993980409,22088206.0,145.87708500028225,0.8752365708351135,0.870864748954773,True,False,17731,30,14,3,64,5,sigmoid,512,5,relu,50,relu
161,6,216.2539978027344,231.46735543279087,14.70557689666748,15.21405124984108,11.129794120788574,11.4341557264328,23873852.0,139.96335494834508,0.8762308955192566,0.8659613132476807,True,False,17731,30,14,3,96,2,sigmoid,512,5,relu,50,relu
162,6,221.4440155029297,240.82492528993592,14.88099479675293,15.518534895083876,11.420729637145996,11.79749382019043,21364490.0,139.02042452691586,0.8732608556747437,0.8605424761772156,True,False,17731,30,14,3,96,3,sigmoid,512,5,relu,50,relu
163,6,229.7567138671875,247.0306382536781,15.15772819519043,15.717208347975737,11.582990646362305,11.737364974021911,23179370.0,139.35922356115591,0.8685029745101929,0.8569488525390625,True,False,17731,30,14,3,96,4,sigmoid,512,5,relu,50,relu
164,6,217.82920837402344,247.3430085306105,14.759037971496582,15.727142414647696,11.15328884124756,12.167340908050535,16529794.0,145.58961380119598,0.8753290772438049,0.856768012046814,True,False,17731,30,14,3,96,5,sigmoid,512,5,relu,50,relu
165,6,219.1773376464844,323.2170928382336,14.804638862609863,17.978239425434115,11.25037956237793,13.607604541778564,20544506.0,161.59002892105943,0.8745578527450562,0.8128306269645691,True,False,17731,30,14,3,128,2,sigmoid,512,5,relu,50,relu
166,6,209.2122497558593,229.1681946512041,14.464171409606934,15.13830223807162,10.913850784301758,11.38329752445221,23953908.0,138.97568539963785,0.8802616596221924,0.8672927021980286,True,False,17731,30,14,3,128,3,sigmoid,512,5,relu,50,relu
167,6,250.18055725097656,252.151530041066,15.817096710205078,15.879279896804704,12.008292198181152,11.97603515625,22043782.0,138.41157132972032,0.8568137288093567,0.8539834022521973,True,False,17731,30,14,3,128,4,sigmoid,512,5,relu,50,relu
168,6,225.6864318847656,312.78853065131324,15.022863388061523,17.685828526006727,11.328216552734377,13.13479148387909,19410790.0,161.2014970130327,0.8708323836326599,0.8188695907592773,True,False,17731,30,14,3,128,5,sigmoid,512,5,relu,50,relu
169,6,206.4284820556641,241.1114442386849,14.367619514465332,15.527763658643345,10.850016593933104,11.695344576835632,23362016.0,138.35207823108743,0.8818539977073669,0.8603765368461609,True,False,17731,30,14,4,16,2,sigmoid,512,5,relu,50,relu
170,6,205.5084381103516,340.10611501187464,14.335565567016602,18.441966137369263,10.826483726501465,13.747374567985537,19337664.0,164.20834763106538,0.8823806643486023,0.8030505180358887,True,False,17731,30,14,4,16,3,sigmoid,512,5,relu,50,relu
171,6,212.8331756591797,305.1011174573481,14.5888032913208,17.46714394104967,11.0532865524292,13.302690622210502,23633572.0,133.50252923624453,0.8781884908676147,0.8233212232589722,True,False,17731,30,14,4,16,4,sigmoid,512,5,relu,50,relu
172,6,200.6149444580078,252.99803986582103,14.163860321044922,15.905912104177524,10.804017066955566,11.732047304809091,20596286.0,152.94628826260018,0.8851814866065979,0.8534932136535645,True,False,17731,30,14,4,16,5,sigmoid,512,5,relu,50,relu
173,6,209.80322265625,227.5973097824788,14.484585762023926,15.086328572004485,10.92295742034912,11.250900182724,23870840.0,145.5377139648637,0.8799227476119995,0.8682023286819458,True,False,17731,30,14,4,32,2,sigmoid,512,5,relu,50,relu
174,6,207.9263153076172,274.5388725944744,14.419650077819824,16.56921460403221,10.891355514526367,11.958789315223694,19246524.0,158.20180804225828,0.8809973001480103,0.841019332408905,True,False,17731,30,14,4,32,3,sigmoid,512,5,relu,50,relu
175,6,212.6207275390625,233.5922161742348,14.581520080566406,15.283723897474554,10.975072860717772,11.608722648620606,20945502.0,139.56056891204636,0.8783103227615356,0.8647308349609375,True,False,17731,30,14,4,32,4,sigmoid,512,5,relu,50,relu
176,6,202.31626892089844,227.18877857768152,14.22379207611084,15.072782708500826,10.657224655151367,11.20557089328766,16747348.0,140.27796488021008,0.8842082023620605,0.8684389591217041,True,False,17731,30,14,4,32,5,sigmoid,512,5,relu,50,relu
177,6,209.7425994873047,233.0934451849694,14.482492446899414,15.26739811444535,10.967046737670898,11.19713216304779,19730040.0,146.72611590693353,0.8799578547477722,0.865019679069519,True,False,17731,30,14,4,64,2,sigmoid,512,5,relu,50,relu
178,6,208.771728515625,206.87804455816496,14.448935508728027,14.383255700924076,10.943341255187988,10.712960424423215,19540112.0,146.23863606583248,0.8805133104324341,0.8802005052566528,True,False,17731,30,14,4,64,3,sigmoid,512,5,relu,50,relu
179,6,217.9363708496093,259.0282307639416,14.76266860961914,16.09435400269118,11.22118091583252,11.64353819847107,16637059.0,154.05493821543016,0.8752679228782654,0.8500012755393982,True,False,17731,30,14,4,64,4,sigmoid,512,5,relu,50,relu
180,6,207.4496154785156,316.6358531939626,14.403111457824709,17.79426461514953,10.848259925842283,14.188576154708862,13830985.0,160.3863448520917,0.8812696933746338,0.8166416883468628,True,False,17731,30,14,4,64,5,sigmoid,512,5,relu,50,relu
181,6,211.4956512451172,280.008400919933,14.542889595031738,16.73345155429486,11.027048110961914,12.116778659820556,25371480.0,157.59260850346465,0.8789545893669128,0.8378520011901855,True,False,17731,30,14,4,96,2,sigmoid,512,5,relu,50,relu
182,6,205.4476776123047,364.7120373125383,14.333446502685549,19.097435359559103,10.79072380065918,14.173344974517825,13897160.0,166.51741806107262,0.8824157118797302,0.7888016104698181,True,False,17731,30,14,4,96,3,sigmoid,512,5,relu,50,relu
183,6,217.9000396728516,237.24273650782817,14.76143741607666,15.40268601601124,11.23965549468994,11.563013744354247,19205266.0,146.75629980253356,0.8752889037132263,0.8626168966293335,True,False,17731,30,14,4,96,4,sigmoid,512,5,relu,50,relu
184,6,214.9043731689453,241.36840855781,14.65961742401123,15.536035805758496,11.14145851135254,11.287068414688113,17582208.0,152.12528407276736,0.8770034313201904,0.8602277636528015,True,False,17731,30,14,4,96,5,sigmoid,512,5,relu,50,relu
185,6,210.880859375,237.02287231714345,14.521737098693848,15.395547158745073,11.071325302124023,11.563024506568908,25258372.0,138.55215944455946,0.8793062567710876,0.8627442121505737,True,False,17731,30,14,4,128,2,sigmoid,512,5,relu,50,relu
186,6,207.94631958007807,217.36016403297853,14.420344352722168,14.743139558214136,10.98922061920166,10.837897601127624,18951496.0,140.32946172947615,0.8809859156608582,0.8741304874420166,True,False,17731,30,14,4,128,3,sigmoid,512,5,relu,50,relu
187,6,223.6121826171875,280.5126778133017,14.953667640686035,16.74851270451504,11.33495044708252,12.00462359905243,15374850.0,156.82601661041673,0.8720192909240723,0.8375599980354309,True,False,17731,30,14,4,128,4,sigmoid,512,5,relu,50,relu
188,6,200.593978881836,418.1561505104268,14.16312026977539,20.44886672924509,10.690709114074709,14.669356732368469,18244856.0,124.53729818300904,0.8851934671401978,0.757853090763092,True,False,17731,30,14,4,128,5,sigmoid,512,5,relu,50,relu
189,6,209.0638885498047,227.97398096167933,14.459041595458984,15.098807269505738,10.904000282287598,11.188238530158996,19555282.0,148.66470067848368,0.8803458213806152,0.8679842352867126,True,False,17731,30,14,5,16,2,sigmoid,512,5,relu,50,relu
190,6,192.035385131836,313.0563002662028,13.857683181762695,17.693397081007447,10.41961669921875,13.249142531454565,15955076.0,130.65574417474576,0.8900921940803528,0.8187145590782166,True,False,17731,30,14,5,16,3,sigmoid,512,5,relu,50,relu
191,6,203.21173095703125,235.8055782640408,14.25523567199707,15.355962303419505,10.74089527130127,11.195099182128908,18396002.0,148.04718558071005,0.8836957216262817,0.8634490966796875,True,False,17731,30,14,5,16,4,sigmoid,512,5,relu,50,relu
192,6,196.67752075195312,219.73341276567828,14.024176597595217,14.823407596287646,10.576272010803224,10.874084277153017,22035134.0,145.55692498812033,0.8874349594116211,0.8727562427520752,True,False,17731,30,14,5,16,5,sigmoid,512,5,relu,50,relu
193,6,203.5823211669922,233.54359405960764,14.268227577209473,15.282133164568604,10.805501937866213,11.323840060234067,16120224.0,146.09789958241174,0.883483350276947,0.8647589683532715,True,False,17731,30,14,5,32,2,sigmoid,512,5,relu,50,relu
194,6,191.6444396972656,215.20277610286223,13.843570709228516,14.669791276731315,10.38694190979004,10.588185276985168,15720867.0,148.7922153056806,0.89031583070755,0.8753798007965088,True,False,17731,30,14,5,32,3,sigmoid,512,5,relu,50,relu
195,6,206.30709838867188,235.1901064601901,14.363394737243652,15.335909052292598,10.858479499816896,11.351041631698608,20646256.0,141.33598621135909,0.8819236159324646,0.8638055324554443,True,False,17731,30,14,5,32,4,sigmoid,512,5,relu,50,relu
196,6,187.15626525878903,274.69224300386526,13.680506706237791,16.573842131620093,10.319766998291016,12.933728356361389,19939672.0,138.35186819006296,0.892884373664856,0.8409305214881897,True,False,17731,30,14,5,32,5,sigmoid,512,5,relu,50,relu
197,6,203.23570251464844,227.72369889244013,14.256075859069824,15.09051685305842,10.759517669677734,11.377994294166564,20790398.0,145.0967846561078,0.8836816549301147,0.8681291937828064,True,False,17731,30,14,5,64,2,sigmoid,512,5,relu,50,relu
198,6,195.3708038330078,222.88762799473224,13.977510452270508,14.929421555932173,10.54312229156494,10.919151339530943,22666618.0,140.24744137755803,0.8881826400756836,0.8709296584129333,True,False,17731,30,14,5,64,3,sigmoid,512,5,relu,50,relu
199,6,202.5132293701172,233.55953613762205,14.230713844299316,15.282654747707353,10.728201866149902,11.229902634620666,22518562.0,145.3151646053236,0.8840953707695007,0.8647497892379761,True,False,17731,30,14,5,64,4,sigmoid,512,5,relu,50,relu
200,6,199.62503051757807,222.45378940397967,14.12887191772461,14.914884827043744,10.655771255493164,10.922745759487151,18902988.0,141.96306848000268,0.8857482671737671,0.8711808919906616,True,False,17731,30,14,5,64,5,sigmoid,512,5,relu,50,relu
201,6,205.3978271484375,227.58834099506527,14.331707000732422,15.086031320233475,10.871404647827148,11.32218550682068,21999026.0,145.9706577924274,0.8824443817138672,0.868207573890686,True,False,17731,30,14,5,96,2,sigmoid,512,5,relu,50,relu
202,6,192.9976959228516,218.099739025504,13.89236068725586,14.768200263590144,10.482855796813965,11.042477807998658,22054672.0,147.9395199488081,0.8895412087440491,0.8737022876739502,True,False,17731,30,14,5,96,3,sigmoid,512,5,relu,50,relu
203,6,216.8396911621093,280.0098430448155,14.72547721862793,16.73349464531589,11.09367561340332,12.281115419864657,17089508.0,135.552709215495,0.8758954405784607,0.8378511667251587,True,False,17731,30,14,5,96,4,sigmoid,512,5,relu,50,relu
204,6,192.56593322753903,243.18285217996345,13.876812934875488,15.594321151623223,10.447653770446776,11.368880071640014,17122288.0,139.54413893006802,0.8897883892059326,0.8591770529747009,True,False,17731,30,14,5,96,5,sigmoid,512,5,relu,50,relu
205,6,211.1591033935547,222.5362640807644,14.531314849853516,14.917649415399342,10.975748062133787,11.18329978942871,21575102.0,142.82122695296448,0.8791472911834717,0.8711331486701965,True,False,17731,30,14,5,128,2,sigmoid,512,5,relu,50,relu
206,6,200.17501831054688,219.15524381635308,14.148322105407717,14.80389286020245,10.644999504089355,11.065888986587524,16755629.0,146.31676264223876,0.885433554649353,0.8730909824371338,True,False,17731,30,14,5,128,3,sigmoid,512,5,relu,50,relu
207,6,218.67979431152344,285.5796705047754,14.78782558441162,16.8991026538327,11.27528953552246,12.578850030899048,18522440.0,134.47782300388718,0.8748424053192139,0.834625780582428,True,False,17731,30,14,5,128,4,sigmoid,512,5,relu,50,relu
208,6,205.28875732421875,227.64690226075925,14.327900886535645,15.087972105646248,10.794039726257324,10.896872239112854,14207497.0,149.06823060847893,0.8825064897537231,0.8681736588478088,True,False,17731,30,14,5,128,5,sigmoid,512,5,relu,50,relu
209,6,205.4512634277344,251.4187630837376,14.333571434020996,15.85619005573967,10.768807411193848,12.07475573539734,17397374.0,152.7733531850072,0.8824136853218079,0.854407787322998,True,False,17731,30,14,6,16,2,sigmoid,512,5,relu,50,relu
210,6,194.5852966308593,235.63143011160835,13.949383735656738,15.350290880358209,10.545476913452148,11.134915490150451,16214838.0,152.69619816834398,0.8886328935623169,0.8635499477386475,True,False,17731,30,14,6,16,3,sigmoid,512,5,relu,50,relu
211,6,197.1726989746093,231.50184756213056,14.04181957244873,15.21518476924058,10.597532272338867,11.302794537544251,20403072.0,145.4501377693574,0.8871514797210693,0.8659412860870361,True,False,17731,30,14,6,16,4,sigmoid,512,5,relu,50,relu
212,6,183.20773315429688,224.67307390147303,13.535425186157228,14.98909850196045,10.187783241271973,11.173251075744629,17473968.0,143.9387930038173,0.8951439261436462,0.8698956966400146,True,False,17731,30,14,6,16,5,sigmoid,512,5,relu,50,relu
213,6,204.03692626953125,258.2437503356721,14.284149169921877,16.06996422944594,10.837105751037598,11.642184252738952,18351498.0,152.77438967520484,0.8832228779792786,0.8504555821418762,True,False,17731,30,14,6,32,2,sigmoid,512,5,relu,50,relu
214,6,189.78518676757807,309.59425151873506,13.776254653930664,17.59529060625982,10.380526542663574,13.150912580490113,17512088.0,161.86221585260924,0.891379714012146,0.8207193613052368,True,False,17731,30,14,6,32,3,sigmoid,512,5,relu,50,relu
215,6,195.7169952392578,315.2843154468979,13.98988914489746,17.756247223073288,10.555415153503418,12.931011962890626,18042456.0,160.25204631880766,0.8879848122596741,0.8174243569374084,True,False,17731,30,14,6,32,4,sigmoid,512,5,relu,50,relu
216,6,188.2025146484375,299.24155437936446,13.7186918258667,17.298599780888754,10.34938621520996,12.315574963092804,17681036.0,130.7876476912307,0.8922856450080872,0.8267144560813904,True,False,17731,30,14,6,32,5,sigmoid,512,5,relu,50,relu
217,6,202.09278869628903,241.4910392374768,14.215934753417969,15.5399819574373,10.764120101928713,11.379804735183717,22735522.0,143.73087935168445,0.8843358755111694,0.860156774520874,True,False,17731,30,14,6,64,2,sigmoid,512,5,relu,50,relu
218,6,191.4730224609375,299.50770698342734,13.837377548217772,17.306290965525438,10.43603515625,12.814372744560242,19425476.0,160.7865391282647,0.8904138803482056,0.8265603184700012,True,False,17731,30,14,6,64,3,sigmoid,512,5,relu,50,relu
219,6,213.4787139892578,254.603880472036,14.610910415649414,15.956311618667891,11.008606910705566,11.582806315422058,16214620.0,151.7674393887468,0.8778191804885864,0.8525633215904236,True,False,17731,30,14,6,64,4,sigmoid,512,5,relu,50,relu
220,6,183.24020385742188,225.8677828482187,13.536624908447266,15.028898257963512,10.20868682861328,11.14125989675522,15750822.0,149.1009082498145,0.895125687122345,0.8692039251327515,True,False,17731,30,14,6,64,5,sigmoid,512,5,relu,50,relu
221,6,200.7314300537109,234.76314091981305,14.16797161102295,15.321982277754175,10.698959350585938,11.151011748313904,20008258.0,149.1687686798696,0.8851152062416077,0.8640527725219727,True,False,17731,30,14,6,96,2,sigmoid,512,5,relu,50,relu
222,6,199.86705017089844,221.23679283710308,14.137434005737305,14.874030820093896,10.665975570678713,10.818262629508972,15693113.0,139.283736584555,0.8856098651885986,0.8718856573104858,True,False,17731,30,14,6,96,3,sigmoid,512,5,relu,50,relu
223,6,209.00942993164065,249.25469312664416,14.457158088684082,15.787802035959412,10.96083164215088,11.467780003547668,20528830.0,151.81163348150133,0.8803769946098328,0.8556609749794006,True,False,17731,30,14,6,96,4,sigmoid,512,5,relu,50,relu
224,6,199.56874084472656,236.9421815991826,14.126879692077637,15.392926349436696,10.665027618408203,11.186761857271197,12722868.0,150.87686163887724,0.885780394077301,0.8627909421920776,True,False,17731,30,14,6,96,5,sigmoid,512,5,relu,50,relu
225,6,205.1009521484375,246.17727137435887,14.321346282958984,15.69003732864772,10.815153121948242,11.465359382629394,22699422.0,138.58659118551515,0.8826138973236084,0.8574430346488953,True,False,17731,30,14,6,128,2,sigmoid,512,5,relu,50,relu
226,6,195.0553131103516,230.1127713411952,13.96622085571289,15.169468393493398,10.590421676635742,10.963233065605165,26408874.0,137.18235903782386,0.8883635997772217,0.8667457103729248,True,False,17731,30,14,6,128,3,sigmoid,512,5,relu,50,relu
227,6,209.18429565429688,249.2029929257361,14.463205337524414,15.786164604670006,11.00289821624756,11.703530311584473,19507586.0,148.16694624693807,0.880277156829834,0.8556908965110779,True,False,17731,30,14,6,128,4,sigmoid,512,5,relu,50,relu
228,6,194.2942810058593,242.239195103567,13.93894863128662,15.564035309121056,10.58100700378418,11.530427894592286,16317205.0,139.70144406098458,0.8887991905212402,0.8597235083580017,True,False,17731,30,14,6,128,5,sigmoid,512,5,relu,50,relu
229,6,192.77853393554688,233.9201495845983,13.88447093963623,15.294448325604892,10.473942756652832,11.443637838363648,19690668.0,147.00302848447237,0.889666736125946,0.8645409345626831,True,False,17731,30,14,7,16,2,sigmoid,512,5,relu,50,relu
230,6,180.411361694336,216.50460817354104,13.431729316711426,14.714095560840327,10.077226638793944,10.952179274559022,14654291.0,141.74460921178772,0.8967446088790894,0.8746259808540344,True,False,17731,30,14,7,16,3,sigmoid,512,5,relu,50,relu
231,6,192.7690887451172,254.61127021883087,13.884130477905272,15.956543178860231,10.494668006896973,11.77433501958847,16786246.0,139.22741712523407,0.8896722793579102,0.8525590300559998,True,False,17731,30,14,7,16,4,sigmoid,512,5,relu,50,relu
232,6,178.54037475585938,248.65414988142808,13.361900329589844,15.7687713497732,10.01234245300293,11.636211178302766,17576958.0,149.54470720600602,0.8978158235549927,0.8560087084770203,True,False,17731,30,14,7,16,5,sigmoid,512,5,relu,50,relu
233,6,194.2303466796875,263.7436146921828,13.936655044555664,16.240185180353787,10.513980865478516,11.865316381454468,20460406.0,152.5668009355957,0.8888354301452637,0.847270667552948,True,False,17731,30,14,7,32,2,sigmoid,512,5,relu,50,relu
234,6,182.6929473876953,242.76563413683752,13.516395568847656,15.58093816613228,10.180145263671877,11.440797204971313,17901358.0,153.1152798355235,0.8954387903213501,0.8594186305999756,True,False,17731,30,14,7,32,3,sigmoid,512,5,relu,50,relu
235,6,194.1570587158203,271.42335619056104,13.934024810791016,16.47493114372746,10.489481925964355,11.87446296453476,17786036.0,153.85780032338397,0.888877809047699,0.8428235054016113,True,False,17731,30,14,7,32,4,sigmoid,512,5,relu,50,relu
236,6,179.53759765625,241.487940820212,13.399164199829102,15.539882265326591,10.127190589904783,11.861674237251282,13286877.0,143.4110587983386,0.8972450494766235,0.8601585626602173,True,False,17731,30,14,7,32,5,sigmoid,512,5,relu,50,relu
237,6,197.2334899902344,255.39865863457788,14.043984413146973,15.981197033845053,10.592369079589844,11.550021033287049,20638276.0,152.89598833561146,0.8871171474456787,0.8521031141281128,True,False,17731,30,14,7,64,2,sigmoid,512,5,relu,50,relu
238,6,186.7606964111328,325.89630396104985,13.666041374206545,18.052598260667352,10.279479026794434,14.496125144958496,18129952.0,161.68747898942698,0.8931108713150024,0.8112791180610657,True,False,17731,30,14,7,64,3,sigmoid,512,5,relu,50,relu
239,6,201.3128967285156,258.2865656873493,14.188477516174316,16.071296328776633,10.74526023864746,11.580612807273864,21368384.0,137.66422765141385,0.8847817778587341,0.8504307270050049,True,False,17731,30,14,7,64,4,sigmoid,512,5,relu,50,relu
240,6,186.0006256103516,261.78924041374614,13.63820457458496,16.179902361069615,10.2693510055542,11.990533418655396,16103945.0,153.47031518912857,0.8935463428497314,0.8484024405479431,True,False,17731,30,14,7,64,5,sigmoid,512,5,relu,50,relu
241,6,192.86929321289065,257.45232390720537,13.887739181518556,16.045320935001747,10.441984176635742,11.66843213260174,18400486.0,151.24572342806317,0.8896147608757019,0.8509138822555542,True,False,17731,30,14,7,96,2,sigmoid,512,5,relu,50,relu
242,6,185.8687896728516,253.6535207843488,13.633370399475098,15.926503721292654,10.277230262756348,11.931897916793822,16868214.0,134.6665381148384,0.8936216235160828,0.8531136512756348,True,False,17731,30,14,7,96,3,sigmoid,512,5,relu,50,relu
243,6,206.1678771972656,251.5487440570533,14.35854721069336,15.860288271562196,10.830368041992188,11.53820960521698,16411307.0,139.71224210898382,0.8820034861564636,0.8543325066566467,True,False,17731,30,14,7,96,4,sigmoid,512,5,relu,50,relu
244,6,190.7980194091797,233.4314426855876,13.812965393066406,15.278463361398211,10.401033401489258,10.961286964416503,19086006.0,141.03640360617308,0.8908001184463501,0.8648239374160767,True,False,17731,30,14,7,96,5,sigmoid,512,5,relu,50,relu
245,6,200.0494384765625,260.6592182731409,14.14388370513916,16.144944046764017,10.678032875061035,11.80486888885498,16633117.0,154.69938798155636,0.8855054974555969,0.8490567803382874,True,False,17731,30,14,7,128,2,sigmoid,512,5,relu,50,relu
246,6,192.5671539306641,218.63469289323143,13.876856803894045,14.786300852249404,10.48179054260254,10.808359804153442,18403494.0,142.98966385633452,0.8897879123687744,0.8733924627304077,True,False,17731,30,14,7,128,3,sigmoid,512,5,relu,50,relu
247,6,192.64683532714844,236.2264483337408,13.879727363586426,15.369659994083822,10.532344818115234,11.266233043670654,22339268.0,142.83000174022752,0.8897418975830078,0.8632053732872009,True,False,17731,30,14,7,128,4,sigmoid,512,5,relu,50,relu
248,6,188.5641632080078,250.43125307431504,13.731866836547852,15.8250198443577,10.350367546081545,12.24731237411499,12391379.0,151.32269061698162,0.8920785784721375,0.8549796342849731,True,False,17731,30,14,7,128,5,sigmoid,512,5,relu,50,relu
249,7,191.43359375,227.1233217289163,13.835952758789062,15.070611192944906,10.49132251739502,11.210784366130827,19792070.0,147.69469746492618,0.8904362916946411,0.8684768676757812,True,False,17731,30,14,4,48,3,sigmoid,48,3,relu,50,relu
250,7,198.251953125,230.2752008801813,14.08019733428955,15.174821280007922,10.595376968383787,11.474433064460754,22984600.0,138.5937397698776,0.8865340352058411,0.8666516542434692,True,False,17731,30,14,4,48,3,sigmoid,48,5,relu,50,relu
251,7,236.16368103027344,243.2527276486138,15.3676176071167,15.596561404637043,11.610733032226562,11.822928335666656,17448072.0,144.64211372879953,0.8648360967636108,0.8591365814208984,True,False,17731,30,14,4,48,3,sigmoid,48,8,relu,50,relu
252,7,188.10009765625,372.42988660043903,13.714959144592283,19.298442595205422,10.248479843139648,14.353105430603028,17447112.0,166.72334687069807,0.8923442959785461,0.7843323945999146,True,False,17731,30,14,4,48,3,sigmoid,96,3,relu,50,relu
253,7,202.0554656982422,227.47277614285744,14.214621543884276,15.082200639921796,10.668028831481934,11.35769802093506,19078506.0,138.78168772570663,0.884357213973999,0.8682745099067688,True,False,17731,30,14,4,48,3,sigmoid,96,5,relu,50,relu
254,7,222.77838134765625,247.8428854634654,14.925762176513672,15.743026566180513,11.289710998535156,11.861969180107115,19029386.0,138.83472693272105,0.8724969625473022,0.8564785122871399,True,False,17731,30,14,4,48,3,sigmoid,96,8,relu,50,relu
255,7,191.86854553222656,231.014468705162,13.851662635803224,15.199160131571809,10.43796443939209,11.342452647686004,21511688.0,141.04421742056184,0.8901873826980591,0.8662235736846924,True,False,17731,30,14,4,48,3,sigmoid,256,3,relu,50,relu
256,7,202.391357421875,221.99873069717705,14.226431846618652,14.899621830676676,10.686067581176758,11.446866397857669,17033632.0,146.66094272901955,0.8841646313667297,0.8714444041252136,True,False,17731,30,14,4,48,3,sigmoid,256,5,relu,50,relu
257,7,212.42007446289065,236.64649493078545,14.57463836669922,15.383318722914945,11.078551292419434,11.17774398803711,22199908.0,141.91943263656285,0.8784253597259521,0.8629621267318726,True,False,17731,30,14,4,48,3,sigmoid,256,8,relu,50,relu
258,7,195.76141357421875,239.268307084482,13.99147605895996,15.468300070934813,10.522408485412598,11.54600800037384,18176260.0,141.81005230347824,0.887959361076355,0.8614438772201538,True,False,17731,30,14,4,48,3,sigmoid,384,3,relu,50,relu
259,7,203.2725524902344,220.3332066353286,14.257368087768556,14.843625117717323,10.846465110778809,10.73250832080841,21746312.0,148.635616163552,0.883660614490509,0.8724088668823242,True,False,17731,30,14,4,48,3,sigmoid,384,5,relu,50,relu
260,7,221.40000915527344,280.4955852516809,14.8795166015625,16.748002425712773,11.32199001312256,12.086141500473024,21213364.0,133.48838220231846,0.8732858300209045,0.8375698924064636,True,False,17731,30,14,4,48,3,sigmoid,384,8,relu,50,relu
261,7,195.3564453125,269.65198004714324,13.97699737548828,16.421083400529433,10.512850761413574,11.859764456748962,17071872.0,156.17745263394548,0.8881914615631104,0.843849241733551,True,False,17731,30,14,4,48,3,sigmoid,512,3,relu,50,relu
262,7,193.7581787109375,263.72752438535093,13.91970443725586,16.23968978722657,10.484450340270996,11.987867946624757,26525526.0,155.69036437351122,0.8891059160232544,0.847279965877533,True,False,17731,30,14,4,48,3,sigmoid,512,5,relu,50,relu
263,7,220.9639129638672,260.64010181430024,14.86485481262207,16.144352009737034,11.21614933013916,11.776551852226255,21948964.0,153.56624822609257,0.8735352754592896,0.8490678668022156,True,False,17731,30,14,4,48,3,sigmoid,512,8,relu,50,relu
264,7,192.1741485595703,255.4020529447844,13.862689018249512,15.981303230487317,10.488496780395508,11.43266718685627,24017274.0,154.2136038543956,0.8900126218795776,0.8521010875701904,True,False,17731,30,14,4,56,3,sigmoid,48,3,relu,50,relu
265,7,196.62423706054688,227.20038970447183,14.022276878356934,15.073167872231496,10.579033851623535,11.067078136205671,20582984.0,149.26647696497463,0.8874655365943909,0.8684322237968445,True,False,17731,30,14,4,56,3,sigmoid,48,5,relu,50,relu
266,7,221.5643768310547,291.8622046002953,14.885038375854492,17.08397508193849,11.256197929382324,13.370177297592162,20675666.0,157.46961324583094,0.8731914162635803,0.8309876918792725,True,False,17731,30,14,4,56,3,sigmoid,48,8,relu,50,relu
267,7,194.32359313964844,230.8694477010777,13.9399995803833,15.194388691259602,10.419515609741213,11.25658709526062,18099670.0,148.0576810311016,0.8887825608253479,0.8663075566291809,True,False,17731,30,14,4,56,3,sigmoid,96,3,relu,50,relu
268,7,198.74688720703125,216.95591443065032,14.09776210784912,14.729423424922318,10.650543212890623,11.062960405349733,19872214.0,144.7257754555893,0.8862505555152893,0.8743646144866943,True,False,17731,30,14,4,56,3,sigmoid,96,5,relu,50,relu
269,7,221.79327392578125,274.0918171219996,14.892725944519045,16.555718562539035,11.27492618560791,12.522011332511902,22549296.0,155.1922653543996,0.8730605840682983,0.8412781953811646,True,False,17731,30,14,4,56,3,sigmoid,96,8,relu,50,relu
270,7,197.83241271972656,240.2104554346413,14.06529140472412,15.49872431636363,10.579671859741213,11.437496705055237,19884762.0,151.9102834996228,0.8867741823196411,0.8608983159065247,True,False,17731,30,14,4,56,3,sigmoid,256,3,relu,50,relu
271,7,211.9212341308593,228.12311037245195,14.557515144348145,15.103744912188231,10.964722633361816,11.42065887928009,15376314.0,140.56832691791098,0.8787104487419128,0.8678978681564331,True,False,17731,30,14,4,56,3,sigmoid,256,5,relu,50,relu
272,7,224.6625518798828,237.0724271157911,14.988747596740724,15.397156462015676,11.352944374084473,11.38247308731079,16654222.0,148.7402732580875,0.8714189529418945,0.862715482711792,True,False,17731,30,14,4,56,3,sigmoid,256,8,relu,50,relu
273,7,199.18362426757807,235.3090757538565,14.113243103027344,15.339787343827702,10.622517585754396,11.3549968624115,19162086.0,148.360609857695,0.8860008716583252,0.863736629486084,True,False,17731,30,14,4,56,3,sigmoid,384,3,relu,50,relu
274,7,216.41973876953125,218.11699319298995,14.711211204528809,14.768784418258328,11.109471321105955,11.068897643089294,22857364.0,141.3956197967832,0.8761355876922607,0.8736922740936279,True,False,17731,30,14,4,56,3,sigmoid,384,5,relu,50,relu
275,7,227.73114013671875,315.9152217782082,15.090763092041016,17.77400410088307,11.39961051940918,13.196992926597597,16640097.0,160.92614243655504,0.8696619868278503,0.8170589804649353,True,False,17731,30,14,4,56,3,sigmoid,384,8,relu,50,relu
276,7,194.29849243164065,287.55604609717136,13.939099311828612,16.957477586515378,10.472475051879885,12.593837698698044,15865602.0,132.74549207349892,0.8887968063354492,0.8334813117980957,True,False,17731,30,14,4,56,3,sigmoid,512,3,relu,50,relu
277,7,195.9320373535156,218.4687325469657,13.997572898864746,14.780687823879026,10.651007652282717,10.866653265953063,24415012.0,146.12166522584374,0.8878620862960815,0.8734886050224304,True,False,17731,30,14,4,56,3,sigmoid,512,5,relu,50,relu
278,7,221.8352508544922,284.44310226866423,14.894134521484377,16.865441063567363,11.296932220458984,12.38624252319336,21184002.0,134.75442678272557,0.8730366230010986,0.8352839946746826,True,False,17731,30,14,4,56,3,sigmoid,512,8,relu,50,relu
279,7,188.2364501953125,237.4155752362758,13.719928741455078,15.408295662930271,10.308124542236328,11.370650603324174,22760028.0,138.55078023478512,0.8922662138938904,0.8625168204307556,True,False,17731,30,14,4,64,3,sigmoid,48,3,relu,50,relu
280,7,198.8591766357422,220.3577017026536,14.101743698120115,14.844450198732645,10.65812873840332,10.931497378349304,21951306.0,149.79038491054823,0.8861867785453796,0.8723946809768677,True,False,17731,30,14,4,64,3,sigmoid,48,5,relu,50,relu
281,7,229.44927978515625,248.3634622137948,15.1475830078125,15.759551459790814,11.47763729095459,11.974184131622314,20118932.0,138.34544539516727,0.8686790466308594,0.8561770915985107,True,False,17731,30,14,4,64,3,sigmoid,48,8,relu,50,relu
282,7,197.8586578369141,226.6009269124118,14.066224098205566,15.053269641922045,10.590871810913086,10.994248781204224,20939902.0,141.88897212804997,0.8867590427398682,0.8687793612480164,True,False,17731,30,14,4,64,3,sigmoid,96,3,relu,50,relu
283,7,210.48126220703125,219.3701386662507,14.507972717285156,14.811149133887309,10.9962797164917,11.165120840072632,15577409.0,142.58323553830823,0.8795349597930908,0.8729665875434875,True,False,17731,30,14,4,64,3,sigmoid,96,5,relu,50,relu
284,7,225.08892822265625,242.84359995127863,15.00296401977539,15.58343992677094,11.322778701782228,11.592228140830994,15150095.0,139.8040790642316,0.8711748123168945,0.8593735098838806,True,False,17731,30,14,4,64,3,sigmoid,96,8,relu,50,relu
285,7,191.8553009033203,249.09369884436364,13.851183891296388,15.782702520302523,10.394372940063477,11.54233997106552,16137114.0,136.89507577410438,0.8901950120925903,0.8557541966438293,True,False,17731,30,14,4,64,3,sigmoid,256,3,relu,50,relu
286,7,202.3511657714844,314.5115967494091,14.225019454956056,17.73447480895358,10.711671829223633,13.047059869766237,19667270.0,162.6227797207898,0.8841879367828369,0.8178718090057373,True,False,17731,30,14,4,64,3,sigmoid,256,5,relu,50,relu
287,7,225.8407440185547,389.5437988591231,15.027998924255373,19.7368639570506,11.370627403259276,15.08735764503479,21394306.0,166.7297795562382,0.870744526386261,0.7744219899177551,True,False,17731,30,14,4,64,3,sigmoid,256,8,relu,50,relu
288,7,199.6786499023437,250.782163735258,14.130769729614258,15.836103173926912,10.622347831726074,11.70777171611786,15091403.0,137.9455117155659,0.8857175707817078,0.8547764420509338,True,False,17731,30,14,4,64,3,sigmoid,384,3,relu,50,relu
289,7,205.54493713378903,381.49749808847776,14.336838722229004,19.531960938125945,10.782204627990724,14.933947143554688,14942192.0,167.35998475731947,0.8823601603507996,0.7790814638137817,True,False,17731,30,14,4,64,3,sigmoid,384,5,relu,50,relu
290,7,216.5883636474609,239.13603079700573,14.716941833496094,15.464023758291557,11.186984062194824,11.389146227836608,21333484.0,148.2653336209916,0.8760391473770142,0.861520528793335,True,False,17731,30,14,4,64,3,sigmoid,384,8,relu,50,relu
291,7,200.1488342285156,250.22478924763817,14.1473970413208,15.818495163814989,10.661656379699709,11.472356038093569,16941058.0,154.08016237463528,0.8854482173919678,0.8550992012023926,True,False,17731,30,14,4,64,3,sigmoid,512,3,relu,50,relu
292,7,203.8544158935547,385.0748839964157,14.277759552001951,19.62332499849136,10.760618209838867,14.693291988372804,19114738.0,168.43745120816854,0.8833275437355042,0.7770098447799683,True,False,17731,30,14,4,64,3,sigmoid,512,5,relu,50,relu
293,7,221.0546417236328,265.09891477094385,14.86790657043457,16.281858455684468,11.286385536193848,11.564465799331664,20149306.0,152.9676355037091,0.8734829425811768,0.8464858531951904,True,False,17731,30,14,4,64,3,sigmoid,512,8,relu,50,relu
294,7,194.2769012451172,234.10544326566023,13.938324928283691,15.300504673560942,10.53796100616455,11.183414344787598,21914538.0,150.40521201113629,0.8888090252876282,0.8644336462020874,True,False,17731,30,14,4,72,3,sigmoid,48,3,relu,50,relu
295,7,193.42364501953125,268.022662191269,13.90768337249756,16.371397685942057,10.450708389282228,12.178537576198575,20252282.0,134.1033676080235,0.889297366142273,0.8447927236557007,True,False,17731,30,14,4,72,3,sigmoid,48,5,relu,50,relu
296,7,228.8266143798828,284.83067432155127,15.127016067504885,16.876927277249,11.550661087036133,13.340283193588256,29695230.0,156.77997955171543,0.8690349459648132,0.8350595235824585,True,False,17731,30,14,4,72,3,sigmoid,48,8,relu,50,relu
297,7,197.7098846435547,226.58286396792545,14.060935020446776,15.052669662485968,10.58281135559082,11.057846264839172,17627520.0,141.98171215784078,0.8868443369865417,0.868789792060852,True,False,17731,30,14,4,72,3,sigmoid,96,3,relu,50,relu
298,7,208.3861694335937,217.0273353282706,14.435586929321287,14.731847654936926,10.84223175048828,10.864775552749634,25392788.0,146.81975073667746,0.8807337880134583,0.8743232488632202,True,False,17731,30,14,4,72,3,sigmoid,96,5,relu,50,relu
299,7,212.92007446289065,245.5193079770345,14.59178066253662,15.669055746184403,10.96216869354248,11.529669349193574,15161385.0,151.78267305176743,0.8781392574310303,0.8578240275382996,True,False,17731,30,14,4,72,3,sigmoid,96,8,relu,50,relu
300,7,196.3306884765625,232.77187453823527,14.011805534362791,15.256863194583458,10.669620513916016,11.56521039173007,18813436.0,144.5933672273894,0.8876335024833679,0.8652058839797974,True,False,17731,30,14,4,72,3,sigmoid,256,3,relu,50,relu
301,7,209.0819549560547,244.18766346870976,14.45966625213623,15.626505158502644,10.87360382080078,11.312835578918458,16201295.0,152.549348313966,0.8803356289863586,0.8585951924324036,True,False,17731,30,14,4,72,3,sigmoid,256,5,relu,50,relu
302,7,222.3562927246093,250.2688891478527,14.911616325378418,15.8198890371536,11.425204277038574,12.083395438194277,19395312.0,148.5990544906311,0.8727386593818665,0.8550736308097839,True,False,17731,30,14,4,72,3,sigmoid,256,8,relu,50,relu
303,7,197.17868041992188,225.00622128048764,14.042032241821287,15.00020737458278,10.577056884765623,10.810417203903198,18676312.0,148.114585151298,0.887148380279541,0.8697028160095215,True,False,17731,30,14,4,72,3,sigmoid,384,3,relu,50,relu
304,7,209.05039978027344,224.15930543542848,14.458575248718262,14.971950622261232,11.002047538757324,11.08672511100769,20892154.0,149.44154329643828,0.8803537487983704,0.8701932430267334,True,False,17731,30,14,4,72,3,sigmoid,384,5,relu,50,relu
305,7,215.1312561035156,232.7813639170804,14.667353630065918,15.257174178630864,11.11073875427246,11.266301889419555,24002084.0,141.6543350905838,0.8768736124038696,0.865200400352478,True,False,17731,30,14,4,72,3,sigmoid,384,8,relu,50,relu
306,7,196.1280517578125,253.6771009664564,14.004572868347168,15.927243985274302,10.652471542358398,11.959265457093716,17015042.0,137.38836845224654,0.8877495527267456,0.853100061416626,True,False,17731,30,14,4,72,3,sigmoid,512,3,relu,50,relu
307,7,211.5055084228516,228.3882370080143,14.54322910308838,15.112519214479573,10.909266471862791,11.304090688228609,14584660.0,139.53192095779397,0.8789488077163696,0.8677443265914917,True,False,17731,30,14,4,72,3,sigmoid,512,5,relu,50,relu
308,7,214.1654815673828,238.28137989967672,14.634393692016602,15.436365501622353,11.119540214538574,11.081518592834472,23116632.0,147.97548193886564,0.8774265050888062,0.862015426158905,True,False,17731,30,14,4,72,3,sigmoid,512,8,relu,50,relu
309,8,200.26559448242188,223.24370708578564,14.151522636413574,14.941342211655073,10.695030212402344,10.971229209899905,22399868.0,148.70469346170967,0.8853816986083984,0.8707234859466553,True,False,17731,30,14,4,32,3,sigmoid,48,5,relu,50,relu
310,8,200.7748565673828,218.94613243939656,14.169504165649414,14.79682845880821,10.658124923706056,11.1299609541893,22658850.0,148.59136839959376,0.8850903511047363,0.8732120990753174,True,False,17731,30,14,4,32,3,sigmoid,48,5,relu,50,relu
311,8,199.56597900390625,241.0834392868142,14.126782417297363,15.52686186216694,10.604415893554688,11.323556470870972,27844698.0,152.00348595048288,0.8857816457748413,0.8603928089141846,True,False,17731,30,14,4,32,3,sigmoid,48,5,relu,50,relu
312,8,199.5820770263672,215.38086489263685,14.127351760864258,14.67585993707479,10.627025604248049,10.981229977607727,21370484.0,147.2235819050784,0.8857725858688354,0.8752766847610474,True,False,17731,30,14,4,32,3,sigmoid,96,5,relu,50,relu
313,8,201.6365203857422,215.4285720827938,14.199877738952637,14.677485209762391,10.701574325561523,10.867227168083192,20380574.0,146.61109476345572,0.884596586227417,0.8752490878105164,True,False,17731,30,14,4,32,3,sigmoid,96,5,relu,50,relu
314,8,203.0443115234375,216.2445675590073,14.249361991882324,14.705256460157615,10.751401901245115,10.923450469970703,18811684.0,141.73966009316064,0.8837916254997253,0.8747765421867371,True,False,17731,30,14,4,32,3,sigmoid,96,5,relu,50,relu
315,8,203.47027587890625,233.6887531516913,14.264300346374512,15.28688173407812,10.770963668823242,11.106580209732057,19769480.0,152.68774709952254,0.883547306060791,0.8646749258041382,True,False,17731,30,14,4,32,3,sigmoid,384,5,relu,50,relu
316,8,198.60470581054688,283.18877458023513,14.092718124389648,16.828213647925768,10.613580703735352,12.195772972106932,17941570.0,159.4987971931699,0.8863321542739868,0.8360103368759155,True,False,17731,30,14,4,32,3,sigmoid,384,5,relu,50,relu
317,8,207.18426513671875,243.44575967542147,14.39389705657959,15.60274846542818,10.8348970413208,11.741448078155518,15268434.0,153.10783544857162,0.8814218044281006,0.8590248227119446,True,False,17731,30,14,4,32,3,sigmoid,384,5,relu,50,relu
318,8,209.5001678466797,285.13546870250906,14.47412109375,16.885954776159654,10.98534107208252,12.385057764053345,29747084.0,158.39580393232376,0.8800958395004272,0.8348830342292786,True,False,17731,30,14,4,32,3,sigmoid,48,5,relu,50,relu
319,8,200.2079620361328,215.3372919742889,14.149486541748049,14.674375352098942,10.653709411621094,11.107077312469482,20057372.0,141.87667749955082,0.8854146003723145,0.8753019571304321,True,False,17731,30,14,4,32,3,sigmoid,48,5,relu,50,relu
320,8,197.0137481689453,234.746652517843,14.036158561706545,15.321444204703518,10.564041137695312,11.231029272079468,19243286.0,149.6750646645917,0.8872425556182861,0.8640623092651367,True,False,17731,30,14,4,32,3,sigmoid,48,5,relu,50,relu
321,8,197.5695343017578,215.13211509636844,14.055943489074709,14.66738269414037,10.533860206604004,10.917992734909058,21059092.0,146.24921478602192,0.8869245052337646,0.8754207491874695,True,False,17731,30,14,4,32,3,sigmoid,96,5,relu,50,relu
322,8,199.6150360107422,240.75371797986185,14.128518104553224,15.516240458946935,10.639986991882324,11.520245938301086,23749660.0,135.6154711386,0.8857537508010864,0.8605837225914001,True,False,17731,30,14,4,32,3,sigmoid,96,5,relu,50,relu
323,8,202.77427673339844,215.5694622896055,14.239883422851562,14.682283960256507,10.771527290344238,10.890617508888244,19814752.0,143.34148403302564,0.8839462399482727,0.8751674890518188,True,False,17731,30,14,4,32,3,sigmoid,96,5,relu,50,relu
324,8,202.15792846679688,247.39295133800687,14.218225479125977,15.728730124775073,10.703469276428224,11.379535088539123,15960444.0,154.3195741671398,0.88429856300354,0.8567390441894531,True,False,17731,30,14,4,32,3,sigmoid,384,5,relu,50,relu
325,8,201.64874267578125,222.88254443444825,14.200307846069336,14.929251301872048,10.680691719055176,11.146138200759887,18181436.0,140.83806243839126,0.8845897912979126,0.8709326386451721,True,False,17731,30,14,4,32,3,sigmoid,384,5,relu,50,relu
326,8,203.1074981689453,229.63456634483344,14.251578330993652,15.15369810788223,10.778960227966309,11.508058623075485,16460961.0,139.97339584834629,0.883755087852478,0.8670226335525513,True,False,17731,30,14,4,32,3,sigmoid,384,5,relu,50,relu
327,8,203.3408050537109,217.6969429603344,14.259761810302734,14.754556684642694,10.734750747680664,10.96546956539154,18168782.0,146.31317373793362,0.8836216926574707,0.8739354610443115,True,False,17731,30,14,4,32,3,sigmoid,48,5,relu,50,relu
328,8,206.0516052246093,217.13467152062648,14.354497909545898,14.735490202929338,10.931578636169434,10.930313230752946,23097092.0,146.32660648139304,0.8820698261260986,0.8742611408233643,True,False,17731,30,14,4,32,3,sigmoid,48,5,relu,50,relu
329,8,210.19070434570312,240.77466071285787,14.497955322265623,15.516915309199115,11.050753593444824,11.52986686706543,19705736.0,153.0665038950771,0.879700779914856,0.8605716228485107,True,False,17731,30,14,4,32,3,sigmoid,48,5,relu,50,relu
330,8,197.0071716308593,234.10570708676104,14.035923957824709,15.30051329487874,10.557245254516602,11.71002727985382,21551752.0,138.10058564447783,0.8872464299201965,0.8644334673881531,True,False,17731,30,14,4,32,3,sigmoid,96,5,relu,50,relu
331,8,202.45016479492188,227.8196926184736,14.228498458862305,15.093697115633187,10.751494407653809,10.982975144386293,30920380.0,150.83338483325392,0.8841313719749451,0.868073582649231,True,False,17731,30,14,4,32,3,sigmoid,96,5,relu,50,relu
332,8,196.359115600586,217.1821880977192,14.012819290161133,14.737102432219135,10.51475715637207,10.86141580581665,17971240.0,141.5389927323252,0.8876175284385681,0.874233603477478,True,False,17731,30,14,4,32,3,sigmoid,96,5,relu,50,relu
333,8,202.51451110839844,283.5250933184793,14.230759620666504,16.838203387489987,10.728840827941896,12.1816855096817,16243865.0,159.05576032367998,0.8840945959091187,0.8358155488967896,True,False,17731,30,14,4,32,3,sigmoid,384,5,relu,50,relu
334,8,200.355697631836,210.0889404637421,14.154706001281738,14.494445158878698,10.637730598449709,10.632699432373046,14500843.0,145.53266509051812,0.8853301405906677,0.8783411979675293,True,False,17731,30,14,4,32,3,sigmoid,384,5,relu,50,relu
335,8,198.4822998046875,211.786793968966,14.088375091552734,14.552896411675787,10.609516143798828,10.593309178352357,18653558.0,146.46007113208387,0.886402428150177,0.8773579597473145,True,False,17731,30,14,4,32,3,sigmoid,384,5,relu,50,relu
336,8,212.0435028076172,225.80502234290373,14.561713218688965,15.026810118681334,11.102710723876951,11.439293694496154,18600710.0,144.48513721202053,0.8786405920982361,0.8692402243614197,True,False,17731,30,14,4,64,3,sigmoid,48,5,relu,50,relu
337,8,204.1606292724609,212.8356259869913,14.28847885131836,14.588887071568935,10.70568561553955,10.949201064109802,17523026.0,145.41287811874565,0.8831519484519958,0.8767505884170532,True,False,17731,30,14,4,64,3,sigmoid,48,5,relu,50,relu
338,8,206.0015411376953,232.63249902164983,14.352753639221191,15.252294877219292,10.753727912902832,11.277583236694335,18526332.0,152.3554262521638,0.882098913192749,0.8652865886688232,True,False,17731,30,14,4,64,3,sigmoid,48,5,relu,50,relu
339,8,204.65350341796875,226.9927101169631,14.305715560913086,15.066277248111527,10.78266143798828,11.4158002781868,22308178.0,141.77093595052398,0.8828703165054321,0.8685524463653564,True,False,17731,30,14,4,64,3,sigmoid,96,5,relu,50,relu
340,8,200.6524200439453,240.3997092805527,14.165183067321776,15.504828579528144,10.667798042297363,11.097275052070618,19346532.0,153.3585311802836,0.8851600289344788,0.8607887029647827,True,False,17731,30,14,4,64,3,sigmoid,96,5,relu,50,relu
341,8,198.9683380126953,342.54936635820746,14.105613708496094,18.50808921413033,10.59325885772705,14.383228244781494,20985700.0,164.50288758192596,0.8861245512962341,0.8016356229782104,True,False,17731,30,14,4,64,3,sigmoid,96,5,relu,50,relu
342,8,208.17233276367188,215.2808997203572,14.428178787231444,14.672453772984165,10.885903358459473,10.794931797981262,19066444.0,148.35698851057998,0.8808566927909851,0.875334620475769,True,False,17731,30,14,4,64,3,sigmoid,384,5,relu,50,relu
343,8,201.2613220214844,208.47079722402108,14.186659812927246,14.438517833351908,10.654102325439451,10.697556896209717,18208126.0,144.4207327086439,0.884811520576477,0.8792781829833984,True,False,17731,30,14,4,64,3,sigmoid,384,5,relu,50,relu
344,8,204.3468017578125,232.9852084485101,14.294992446899414,15.26385300140532,10.887307167053224,11.460785989761352,20490948.0,138.40657495815665,0.8830458521842957,0.865082323551178,True,False,17731,30,14,4,64,3,sigmoid,384,5,relu,50,relu
345,8,198.95480346679688,228.7209402054132,14.10513401031494,15.123522744566266,10.602304458618164,10.956812036037444,19990550.0,148.99094138760188,0.8861318826675415,0.8675516843795776,True,False,17731,30,14,4,64,3,sigmoid,48,5,relu,50,relu
346,8,204.9976806640625,221.1753950291429,14.317740440368652,14.871966750539183,10.845913887023926,11.287005412578583,19882694.0,142.6542847258436,0.8826732039451599,0.871921181678772,True,False,17731,30,14,4,64,3,sigmoid,48,5,relu,50,relu
347,8,205.67486572265625,310.29824994256853,14.341368675231934,17.615284554686266,10.849798202514648,13.010141077041624,18934014.0,161.66490531160676,0.8822857141494751,0.8203117251396179,True,False,17731,30,14,4,64,3,sigmoid,48,5,relu,50,relu
348,8,200.44386291503903,250.25630101386608,14.157819747924805,15.819491174303492,10.687332153320312,11.825376377105712,15601029.0,154.28936032917932,0.8852794766426086,0.8550809621810913,True,False,17731,30,14,4,64,3,sigmoid,96,5,relu,50,relu
349,8,208.5308532714844,233.12348339474136,14.440597534179688,15.268381819785008,10.867238998413086,11.27978898525238,24488016.0,152.44288649809965,0.8806509375572205,0.8650022745132446,True,False,17731,30,14,4,64,3,sigmoid,96,5,relu,50,relu
350,8,203.6537475585937,227.51694440439883,14.270730018615724,15.083664820076017,10.762225151062012,11.100320916175844,27613964.0,139.08496410946162,0.8834423422813416,0.8682488799095154,True,False,17731,30,14,4,64,3,sigmoid,96,5,relu,50,relu
351,8,205.1496124267578,216.11235533373696,14.323044776916504,14.70076036583608,10.755122184753418,10.828764448165892,16245563.0,144.81745736513372,0.8825864195823669,0.8748531341552734,True,False,17731,30,14,4,64,3,sigmoid,384,5,relu,50,relu
352,8,201.24954223632807,225.2344519988333,14.18624496459961,15.007813031845558,10.71107292175293,11.076848630905152,16360154.0,138.83110095431715,0.884818434715271,0.8695706129074097,True,False,17731,30,14,4,64,3,sigmoid,384,5,relu,50,relu
353,8,207.0061798095703,240.5938748648523,14.387709617614746,15.511088771097029,10.897814750671388,11.270276355743407,18041624.0,153.52470347221444,0.8815234303474426,0.8606762886047363,True,False,17731,30,14,4,64,3,sigmoid,384,5,relu,50,relu
354,8,204.7487030029297,211.1828091999577,14.309042930603027,14.532130236133922,10.76190185546875,10.740130004882811,16391965.0,142.10916363490486,0.8828155398368835,0.8777077198028564,True,False,17731,30,14,4,64,3,sigmoid,48,5,relu,50,relu
355,8,196.54705810546875,219.38822705564016,14.019524574279783,14.811759755533444,10.48656940460205,10.992893686294556,21699556.0,140.90541211740205,0.8875095844268799,0.8729560971260071,True,False,17731,30,14,4,64,3,sigmoid,48,5,relu,50,relu
356,8,199.0770874023437,230.2504715330308,14.109468460083008,15.174006443027194,10.591320037841797,11.400782537460326,20045486.0,137.77499773726143,0.8860619068145752,0.8666659593582153,True,False,17731,30,14,4,64,3,sigmoid,48,5,relu,50,relu
357,8,208.1336669921875,247.1520002714484,14.426838874816896,15.721068674598696,10.913591384887695,11.650404815673827,19502708.0,154.7128232507868,0.8808782696723938,0.8568785786628723,True,False,17731,30,14,4,64,3,sigmoid,96,5,relu,50,relu
358,8,210.4168701171875,245.2509168726872,14.505752563476562,15.660489036830462,10.928574562072754,11.267070951461791,16258400.0,154.2936753039843,0.8795716762542725,0.8579794764518738,True,False,17731,30,14,4,64,3,sigmoid,96,5,relu,50,relu
359,8,199.98780822753903,214.8459286718893,14.141704559326172,14.657623568365006,10.587640762329102,10.997559995651246,16204670.0,143.11902410229214,0.8855406045913696,0.8755864500999451,True,False,17731,30,14,4,64,3,sigmoid,96,5,relu,50,relu
360,8,206.6161651611328,349.2957658317813,14.374149322509766,18.689456006844644,10.817934036254885,13.702572345733644,20809444.0,164.74768851564772,0.8817466497421265,0.7977288961410522,True,False,17731,30,14,4,64,3,sigmoid,384,5,relu,50,relu
361,8,208.750717163086,209.51422719851408,14.44820785522461,14.474606288203976,10.90623664855957,10.794558119773864,15810463.0,145.7083016016895,0.8805252909660339,0.8786739706993103,True,False,17731,30,14,4,64,3,sigmoid,384,5,relu,50,relu
362,8,199.36036682128903,216.7914582497212,14.119503021240234,14.723839792992898,10.642470359802246,11.06613718509674,20093134.0,146.8615932475383,0.8858994245529175,0.8744598627090454,True,False,17731,30,14,4,64,3,sigmoid,384,5,relu,50,relu
363,9,200.1588897705078,248.67245985465763,14.147751808166504,15.76935191612698,10.668416976928713,11.394424266815186,19968056.0,154.84143318461514,0.8854427933692932,0.8559980988502502,True,False,17731,30,14,4,64,3,sigmoid,384,5,relu,20,relu
364,9,4719.00732421875,3865.921119026544,68.69503021240234,62.176531899315066,58.509803771972656,52.02494064331054,148356288.0,74.70736739480206,-1.7008345127105713,-1.238687515258789,True,False,17731,30,14,4,64,3,sigmoid,384,5,relu,20,sigmoid
365,9,3326.6708984375,2637.9018632027414,57.67729949951172,51.36050879034145,49.40401840209961,44.531856842041016,230505056.0,89.77304939286427,-0.903955101966858,-0.5275629758834839,True,False,17731,30,14,4,64,3,sigmoid,384,5,relu,20,tanh
366,9,208.7783660888672,256.66717783910275,14.44916534423828,16.02083574096878,10.98705768585205,11.554681993722916,22812948.0,156.28863800053995,0.8805096745491028,0.8513685464859009,True,False,17731,30,14,4,64,3,sigmoid,384,5,relu,40,relu
367,9,2968.634765625,2348.632621680284,54.48517990112305,48.46269309149342,46.96040725708008,42.38115997314453,258202656.0,95.4021221978146,-0.6990498304367065,-0.3600521087646484,True,False,17731,30,14,4,64,3,sigmoid,384,5,relu,40,sigmoid
368,9,1991.611328125,1758.6304538944455,44.627471923828125,41.93602811300142,39.80258941650391,37.59850830078125,372125568.0,121.91996981994164,-0.13986337184906,-0.0183923244476318,True,False,17731,30,14,4,64,3,sigmoid,384,5,relu,40,tanh
369,9,206.8821716308593,310.33022200122946,14.38339900970459,17.616192040314203,10.858757019042969,12.68399513721466,15578180.0,128.44517866016065,0.8815945982933044,0.8202931880950928,True,False,17731,30,14,4,64,3,sigmoid,384,5,relu,60,relu
370,9,2804.25732421875,2225.9078605556115,52.95523834228516,47.17952798148379,45.8276481628418,41.49851585388184,272783104.0,98.5532778561918,-0.6049644947052002,-0.2889844179153442,True,False,17731,30,14,4,64,3,sigmoid,384,5,relu,60,sigmoid
371,9,1771.310546875,1735.415942286721,42.08694076538086,41.658323805534,37.64859390258789,36.3867904663086,428037344.0,135.10900394526232,-0.0137751102447509,-0.0049490928649902,True,False,17731,30,14,4,64,3,sigmoid,384,5,relu,60,tanh
372,9,205.35108947753903,224.54122899888625,14.330076217651367,14.984699830122931,10.865038871765137,11.253788511753084,21057080.0,140.6048410560797,0.8824711441993713,0.8699721097946167,True,False,17731,30,14,4,64,3,sigmoid,384,5,relu,80,relu
373,9,2132.275146484375,1811.3775587639584,46.17656326293945,42.56028146951049,40.92853546142578,38.22110778808594,344325344.0,116.60606774997856,-0.2203705310821533,-0.0489372014999389,True,False,17731,30,14,4,64,3,sigmoid,384,5,relu,80,sigmoid
374,9,1748.9368896484375,1749.4020716982172,41.82029342651367,41.82585410602176,37.22336959838867,36.19331619262695,449627744.0,138.00275740275242,-0.0009703636169433,-0.0130481719970703,True,False,17731,30,14,4,64,3,sigmoid,384,5,relu,80,tanh
375,9,204.0371856689453,226.0835603956353,14.28415870666504,15.036075298948038,10.782690048217772,11.041576442718506,19586808.0,138.94257890227556,0.8832229375839233,0.8690789341926575,True,False,17731,30,14,4,64,3,sigmoid,384,5,relu,100,relu
376,9,1819.1483154296875,1727.109149126152,42.65147399902344,41.55850272959977,38.23209381103516,36.69867874145508,407437696.0,131.31485486270392,-0.0411566495895385,-0.0001387596130371,True,False,17731,30,14,4,64,3,sigmoid,384,5,relu,100,sigmoid
377,9,1747.3948974609375,1756.4384588841745,41.80185317993164,41.909884978178766,37.14099884033203,36.12422744750977,454183264.0,139.1045262144717,-9.107589721679688e-05,-0.0171229839324951,True,False,17731,30,14,4,64,3,sigmoid,384,5,relu,100,tanh
378,9,202.7621154785156,209.1795589785545,14.239456176757812,14.46304113865941,10.74086856842041,10.911538572311402,19617390.0,143.32047513890706,0.8839527368545532,0.8788677453994751,True,False,17731,30,14,4,64,3,sigmoid,384,5,relu,200,relu
379,9,1747.410888671875,1748.4876131417252,41.80204391479492,41.81492093908256,37.12962341308594,36.20304824829102,454769408.0,137.8475588188674,-0.0001016855239868,-0.0125186443328857,True,False,17731,30,14,4,64,3,sigmoid,384,5,relu,200,sigmoid
380,9,1747.766845703125,1753.2517612952831,41.80630111694336,41.87184927006787,37.14695358276367,36.154364318847655,453982400.0,138.62392890637813,-0.0003027915954589,-0.0152775049209594,True,False,17731,30,14,4,64,3,sigmoid,384,5,relu,200,tanh
381,9,202.76467895507807,226.20075683736337,14.239546775817873,15.03997196930112,10.791065216064451,10.87086863040924,19046564.0,153.09915135955842,0.8839512467384338,0.8690111041069031,True,False,17731,30,14,4,64,3,sigmoid,384,5,relu,300,relu
382,9,1747.15966796875,1768.0954361845552,41.79903793334961,42.04872692703734,37.144039154052734,36.02592651367188,453542432.0,140.67214627880728,4.208087921142578e-05,-0.0238732099533081,True,False,17731,30,14,4,64,3,sigmoid,384,5,relu,300,sigmoid
383,9,1748.0633544921875,1743.1604336774,41.80984878540039,41.75117284193823,37.13482666015625,36.26438095092774,453940704.0,136.8694768058134,-0.0004736185073852,-0.0094337463378906,True,False,17731,30,14,4,64,3,sigmoid,384,5,relu,300,tanh
384,9,197.88438415527344,286.34607063281453,14.067138671875,16.921763224700154,10.689069747924805,12.973198363780975,21074586.0,133.77260120848118,0.8867448568344116,0.8341820240020752,True,False,17731,30,14,4,64,3,sigmoid,384,5,relu,400,relu
385,9,1747.6317138671875,1771.748780217478,41.804683685302734,42.09214630091317,37.138282775878906,36.00684844970703,453460032.0,141.12689926675483,-0.0002239942550659,-0.0259886980056762,True,False,17731,30,14,4,64,3,sigmoid,384,5,relu,400,sigmoid
386,9,1748.519287109375,1739.6433613282536,41.81529998779297,41.70903213128127,37.12260818481445,36.310596008300784,455704320.0,136.13247819975865,-0.0007345676422119,-0.0073970556259155,True,False,17731,30,14,4,64,3,sigmoid,384,5,relu,400,tanh
387,9,202.465560913086,244.4411299226185,14.229039192199709,15.63461320028796,10.801162719726562,11.489272367954252,17475172.0,154.47634306215286,0.8841221928596497,0.8584483861923218,True,False,17731,30,14,4,64,3,sigmoid,384,5,relu,500,relu
388,9,1747.642822265625,1756.1985743080172,41.80481719970703,41.90702297119204,37.13203048706055,36.12643768310547,454732608.0,139.06927924853295,-0.0002312660217285,-0.0169839859008789,True,False,17731,30,14,4,64,3,sigmoid,384,5,relu,500,sigmoid
389,9,1749.1343994140625,1753.435948430449,41.82265472412109,41.87404862716822,37.14525985717773,36.15257446289063,456495264.0,138.65247201376243,-0.0010875463485717,-0.0153841972351074,True,False,17731,30,14,4,64,3,sigmoid,384,5,relu,500,tanh
390,10,209.41860961914065,238.5035031515484,14.47130298614502,15.44355862978311,10.950478553771973,11.276326956748962,19527982.0,152.60539441811278,0.8798336982727051,0.8618867993354797,True,True,17731,30,14,4,64,3,sigmoid,384,5,relu,80,relu
391,10,198.8876342773437,242.715912863306,14.102752685546877,15.579342504204275,10.690574645996094,11.150511746406556,21759694.0,135.57979110181583,0.8861702680587769,0.8594474792480469,True,False,17731,30,14,4,64,3,sigmoid,384,5,relu,80,relu
392,10,202.5664978027344,214.07463097238087,14.232585906982422,14.631289450092254,10.71421718597412,10.797196636199953,18177976.0,146.36307776127146,0.8837651014328003,0.8760331273078918,True,True,17731,30,14,4,64,3,sigmoid,384,5,relu,150,relu
393,10,199.56201171875,231.4846426461413,14.126642227172852,15.214619372371471,10.65526008605957,11.15818789958954,18499040.0,151.6400608674507,0.8857841491699219,0.8659512996673584,True,False,17731,30,14,4,64,3,sigmoid,384,5,relu,150,relu
394,10,212.8403167724609,218.2001184270136,14.5890474319458,14.771598370759122,11.035988807678224,11.153371640741826,22762562.0,144.7492949044272,0.8778702020645142,0.8736441135406494,True,True,17731,30,14,4,64,3,sigmoid,384,5,relu,180,relu
395,10,204.2714691162109,220.70473762112,14.292357444763184,14.856134679691078,10.75521469116211,11.00575429916382,15039098.0,150.0150118602754,0.8830888271331787,0.8721937537193298,True,False,17731,30,14,4,64,3,sigmoid,384,5,relu,180,relu
396,10,218.5806884765625,230.1512546313066,14.78447437286377,15.170736786039978,11.19300651550293,11.450445340573788,19121574.0,140.8559547219703,0.874576210975647,0.8667234182357788,True,True,17731,30,14,4,64,3,sigmoid,384,5,relu,200,relu
397,10,196.0448455810547,202.230013376554,14.001601219177246,14.22075994370744,10.576476097106934,10.522489666938782,24126232.0,144.14351179224633,0.8877971172332764,0.8828921318054199,True,False,17731,30,14,4,64,3,sigmoid,384,5,relu,200,relu
398,10,205.60842895507807,218.7892331325883,14.339052200317385,14.79152572024226,10.919516563415527,10.9079781293869,23097864.0,140.49381563653108,0.882020115852356,0.8733029365539551,True,True,17731,30,14,4,64,3,sigmoid,384,5,relu,220,relu
399,10,204.7020263671875,384.7682587891237,14.307411193847656,19.615510668578672,10.817140579223633,14.381466732025146,15136034.0,167.8695183017597,0.8828425407409668,0.7771874070167542,True,False,17731,30,14,4,64,3,sigmoid,384,5,relu,220,relu
400,10,203.4562530517578,244.85839713751136,14.263809204101562,15.64795185120121,10.785843849182127,11.882710676193238,18471600.0,152.18950632313482,0.883255124092102,0.8582067489624023,True,True,17731,30,14,4,64,3,sigmoid,384,5,relu,250,relu
401,10,196.730697631836,219.1929190277476,14.02607250213623,14.805165282013826,10.59584140777588,10.981220412254334,21350642.0,143.16679958060567,0.8874047994613647,0.8730692267417908,True,False,17731,30,14,4,64,3,sigmoid,384,5,relu,250,relu
402,10,200.5356903076172,212.742266788057,14.161062240600586,14.585687052314574,10.73560905456543,10.781697301864623,21831522.0,146.07601714596026,0.8849310278892517,0.8768047094345093,True,True,17731,30,14,4,64,3,sigmoid,384,5,relu,300,relu
403,10,195.54034423828125,265.6242497005691,13.98357391357422,16.297982994854582,10.539661407470703,11.90328652858734,16712983.0,156.96989056171276,0.8880859017372131,0.8461816310882568,True,False,17731,30,14,4,64,3,sigmoid,384,5,relu,300,relu
404,11,206.88316345214844,432.7143339040496,14.38343334197998,20.80178679594735,10.845662117004396,15.5973504447937,17000884.0,171.27507402018077,0.8815940618515015,0.7494226694107056,True,False,17731,30,14,4,64,3,sigmoid,384,5,relu,50,relu
405,11,200.97283935546875,236.78356827213577,14.176488876342772,15.38777333704054,10.698989868164062,11.32618411064148,23338662.0,152.52985738202813,0.8849765062332153,0.8628827333450317,True,False,17731,30,14,4,64,3,sigmoid,384,5,relu,50,relu
406,11,206.4138641357422,216.55748739759213,14.367110252380373,14.715892341193316,10.811846733093262,11.03399344444275,15628815.0,142.85668669005648,0.8818627595901489,0.8745953440666199,True,False,17731,30,14,4,64,3,sigmoid,384,5,relu,50,relu
407,11,205.38772583007807,211.56727616794225,14.331355094909668,14.545352390641565,10.847943305969238,10.77292094707489,18769016.0,142.83585979231412,0.8824501037597656,0.8774850964546204,True,False,17731,30,14,4,64,3,sigmoid,384,5,relu,50,relu
408,11,214.56466674804688,223.57178516409908,14.648026466369627,14.952317050012653,11.047615051269531,10.916713891029358,15981420.0,138.51647636131898,0.8771979808807373,0.8705334663391113,True,False,17731,30,14,4,64,3,sigmoid,384,5,relu,50,relu
409,11,210.16038513183597,214.197083805534,14.496909141540527,14.635473473910368,10.94039249420166,10.794653720855711,14351342.0,146.64538781569155,0.879718542098999,0.8759621977806091,True,False,17731,30,14,4,64,3,sigmoid,384,5,relu,50,relu
410,11,208.6698455810547,280.46215569590345,14.445408821105955,16.747004379766057,10.895363807678224,12.344822587966918,15508473.0,159.31242495640896,0.8805713653564453,0.8375892639160156,True,False,17731,30,14,4,64,3,sigmoid,384,5,relu,50,relu
411,11,204.01629638671875,231.0677433400064,14.283427238464355,15.200912582473672,10.75367546081543,11.33795111179352,17792326.0,138.14591336575336,0.8832347393035889,0.8661926984786987,True,False,17731,30,14,4,64,3,sigmoid,384,5,relu,50,relu
412,11,211.1103363037109,223.91087379192027,14.52963638305664,14.963651753229232,10.90703582763672,11.31236972808838,17699892.0,143.8112149204189,0.8791749477386475,0.8703371286392212,True,False,17731,30,14,4,64,3,sigmoid,384,5,relu,50,relu
413,11,200.9527130126953,244.9638851785413,14.175779342651367,15.651322154327453,10.667388916015623,11.63656792640686,17510772.0,152.91713348629506,0.8849881887435913,0.8581457138061523,True,False,17731,30,14,4,64,3,sigmoid,384,5,relu,50,relu
414,11,205.51194763183597,324.9821791544771,14.335687637329102,18.027262109218835,10.84915542602539,13.482694330215454,20253214.0,163.36394470964152,0.8823793530464172,0.8118085265159607,True,False,17731,30,14,4,64,3,sigmoid,384,5,relu,200,relu
415,11,210.18751525878903,232.2022279544325,14.497845649719238,15.23818322354842,11.038253784179688,11.234898787736892,20364886.0,137.34570681445314,0.879703164100647,0.8655357360839844,True,False,17731,30,14,4,64,3,sigmoid,384,5,relu,200,relu
416,11,207.69143676757807,292.5417174853717,14.411503791809082,17.10385095483972,10.965404510498049,12.693606486320496,24099660.0,160.36737099340863,0.8811311721801758,0.8305941820144653,True,False,17731,30,14,4,64,3,sigmoid,384,5,relu,200,relu
417,11,205.23275756835935,247.55348756569012,14.325946807861328,15.733832577146934,10.877057075500488,12.103129756003618,21776218.0,144.23845959849362,0.8825386762619019,0.8566460609436035,True,False,17731,30,14,4,64,3,sigmoid,384,5,relu,200,relu
418,11,202.44622802734372,286.5643230566076,14.228360176086426,16.92821086401654,10.76091766357422,12.869699602127076,21053556.0,159.7623200822975,0.884133517742157,0.8340556025505066,True,False,17731,30,14,4,64,3,sigmoid,384,5,relu,200,relu
419,11,200.2229461669922,228.20874871119733,14.150015830993652,15.106579649649266,10.710386276245115,10.862515320777892,16344581.0,150.1479039153778,0.8854060173034668,0.86784827709198,True,False,17731,30,14,4,64,3,sigmoid,384,5,relu,200,relu
420,11,198.74349975585935,222.92111039630856,14.097641944885254,14.930542870113884,10.72738552093506,11.287394465506075,19867186.0,144.08676537116938,0.8862528204917908,0.8709102869033813,True,False,17731,30,14,4,64,3,sigmoid,384,5,relu,200,relu
421,11,204.32742309570312,216.79187944528192,14.29431438446045,14.723854096169315,10.80487823486328,10.713337898254396,19665656.0,147.7726163537328,0.8830571174621582,0.8744596242904663,True,False,17731,30,14,4,64,3,sigmoid,384,5,relu,200,relu
422,11,205.9228515625,325.6158976253507,14.350011825561523,18.04483021880092,10.855896949768066,13.810109930038452,21233968.0,163.26097696334796,0.8821438550949097,0.8114415407180786,True,False,17731,30,14,4,64,3,sigmoid,384,5,relu,200,relu
423,11,207.70034790039065,290.8997224373924,14.411812782287598,17.055782668567055,10.93922233581543,12.413493027687071,18951300.0,130.6823495042411,0.8811265826225281,0.8315450549125671,True,False,17731,30,14,4,64,3,sigmoid,384,5,relu,200,relu
