tuning_group,train_MSE,test_MSE,train_RMSE,test_RMSE,train_MAE,test_MAE,train_MAPE,test_MAPE,train_R2,test_R2,scaler,first_window,first_window_type,second_window,second_window_type,drop_nan_train,min_periods,mod_loss,mod_learning_rate,mod_n_estimators,mod_subsample,mod_min_samples_split,mod_min_samples_leaf,mod_max_depth,mod_validation,num_features,train_samples_dropped
1,1479.0333563841175,1844.6074175400634,38.45820271910945,42.94889308864739,34.26553216254469,36.64058293492682,40.06233432302433,45.207951324457255,0.14832299495476386,-0.23921209699161428,,,abs,,avg,True,,squared_error,0.01,10,1.0,2,1,3,,14,0
1,1467.0489968514203,1818.5698777762168,38.30207562066866,42.64469343044005,34.11034451767906,36.362546868787106,39.89176596641255,45.05633185456833,0.15522399106153606,-0.22172000954555582,,,abs,,avg,True,,squared_error,0.01,10,1.0,2,1,5,,14,0
1,1459.5662041499684,1807.5920113860284,38.20426944923785,42.51578543771746,34.00598968876564,36.18178995990182,39.776011187376106,44.92535678583354,0.15953283402970764,-0.21434505013656624,,,abs,,avg,True,,squared_error,0.01,10,1.0,2,1,7,,14,0
1,1450.3461212610096,1802.493139091312,38.08341005294838,42.45577863013835,33.87375812195268,36.04627647896466,39.63048249298093,44.778027162501466,0.16484206694676284,-0.2109196143671197,,,abs,,avg,True,,squared_error,0.01,10,1.0,2,1,9,,14,0
1,1267.4787703472916,1551.4273553790492,35.60166808377512,39.388162630148784,31.860361713933003,34.306106092771195,37.87631531779688,45.20834081071181,0.27014321994273593,-0.04225296293847847,,,abs,,avg,True,,squared_error,0.01,20,1.0,2,1,3,,14,0
1,1246.1323366056126,1502.9041820046602,35.300599663541306,38.76730816041604,31.559199675804184,33.69875505107572,37.56147764367993,44.793649080139176,0.28243521233022073,-0.009654967908103051,,,abs,,avg,True,,squared_error,0.01,20,1.0,2,1,5,,14,0
1,1232.4786339152167,1483.6436492568198,35.10667506209064,38.518095088631,31.3528800265279,33.35803422256126,37.33741143854413,44.48852056404141,0.29029747220755275,0.00328430846510841,,,abs,,avg,True,,squared_error,0.01,20,1.0,2,1,7,,14,0
1,1215.2933207362341,1473.4090032739393,34.861057366870476,38.385010137733964,31.093261584107847,33.125009223475935,37.05857604473301,44.264378807097806,0.3001933518345157,0.010159970456821377,,,abs,,avg,True,,squared_error,0.01,20,1.0,2,1,9,,14,0
1,831.0853851417015,1026.1390512921691,28.828551561632462,32.033405240345104,26.090444415703594,28.405230515927286,32.73513313833274,44.83842476621185,0.5214331653176556,0.31063709629198843,,,abs,,avg,True,,squared_error,0.01,50,1.0,2,1,3,,14,0
1,793.94848733825,965.5764901120752,28.177091534405214,31.07372668528954,25.425087823066647,27.27466122952128,32.08440409436619,43.83839935535288,0.5428178364350393,0.35132318360006853,,,abs,,avg,True,,squared_error,0.01,50,1.0,2,1,5,,14,0
1,765.4272372988538,930.1905809529004,27.666355692408313,30.49902590170546,24.898783490586506,26.648050133786406,31.534721967835694,43.14664081818166,0.5592413286496333,0.37509553010378927,,,abs,,avg,True,,squared_error,0.01,50,1.0,2,1,7,,14,0
1,730.4376314355662,934.3748612567674,27.02660969184937,30.567545882140546,24.272398815106637,26.521916009190797,30.895798699607585,43.01388791121736,0.5793895170598065,0.37228451963053055,,,abs,,avg,True,,squared_error,0.01,50,1.0,2,1,9,,14,0
1,481.3915231091138,780.7556919681268,21.940636342392484,27.942005868729733,19.77952620310442,22.21075735630357,26.896910620014175,44.13012783125659,0.7227986178364075,0.4754862801255393,,,abs,,avg,True,,squared_error,0.01,100,1.0,2,1,3,,14,0
1,440.0881142231228,751.5019470463928,20.97827719864343,27.413535836268785,18.80153971599615,21.630737613561653,25.962637378289994,43.6669050092391,0.7465825057564064,0.49513902262489673,,,abs,,avg,True,,squared_error,0.01,100,1.0,2,1,5,,14,0
1,396.5024393691005,746.4677273184444,19.912369004442954,27.321561582721518,17.80464796008608,21.42262117835798,24.940297488884237,43.84388306155556,0.7716805989551297,0.49852102463056314,,,abs,,avg,True,,squared_error,0.01,100,1.0,2,1,7,,14,0
1,343.6010947771225,775.1669908554775,18.536480107537205,27.841820896907542,16.62203915509994,21.810675008900514,23.777080709012115,44.773781723407865,0.8021429671840047,0.4792407841784946,,,abs,,avg,True,,squared_error,0.01,100,1.0,2,1,9,,14,0
1,283.5112850504519,912.9399474430447,16.837793354547735,30.214896118356005,13.925779660503034,21.319678976690685,20.34625837772357,56.21023790712214,0.8367446946980241,0.3866845509018787,,,abs,,avg,True,,squared_error,0.01,200,1.0,2,1,3,,14,0
1,243.7131361911483,956.6518890462567,15.611314364625045,30.92978967025571,12.692169435922956,22.06198243237214,19.042183756336485,61.9553435070781,0.8596618034167225,0.3573187539834596,,,abs,,avg,True,,squared_error,0.01,200,1.0,2,1,5,,14,0
1,186.36471500598756,1035.2161027670318,13.651546249637349,32.174774323482545,11.021986782459425,23.168019411460225,17.221256836906523,69.19763486085215,0.8926849474778262,0.3045391093242975,,,abs,,avg,True,,squared_error,0.01,200,1.0,2,1,7,,14,0
1,120.71973610518673,1065.9893861104888,10.98725334672805,32.64949289208776,9.013804266762714,23.555735417662685,15.139496872993618,71.8433891906063,0.9304855276913613,0.2838655369311982,,,abs,,avg,True,,squared_error,0.01,200,1.0,2,1,9,,14,0
1,245.44842012408395,1063.8826860221814,15.666793549545611,32.61721456565814,11.948748855841686,23.679595216920937,17.63313625106703,80.33057735930169,0.8586625687364995,0.28528082357123863,,,abs,,avg,True,,squared_error,0.01,300,1.0,2,1,3,,14,0
1,196.77654386593866,1174.4186982184547,14.027706293829318,34.26979279509076,10.457343436673957,25.9569895782477,15.659227741724699,121.8401028769519,0.8866894672662334,0.21102244091250166,,,abs,,avg,True,,squared_error,0.01,300,1.0,2,1,5,,14,0
1,131.2801612993079,1268.3150061054757,11.457755508794378,35.61341048124254,8.334817854977517,27.23849387567474,13.038420552558527,153.2158620536147,0.9244044807274702,0.1479426552139177,,,abs,,avg,True,,squared_error,0.01,300,1.0,2,1,7,,14,0
1,70.40236496580106,1309.066672224849,8.390611715828653,36.18102641198628,6.010019243538255,27.798644536400385,10.336471648277971,159.61534801658055,0.9594599573543336,0.12056557912309473,,,abs,,avg,True,,squared_error,0.01,300,1.0,2,1,9,,14,0
1,225.1300547093456,1207.4800418604852,15.004334530706306,34.74881353169465,10.852884311958134,26.542775850277796,16.06536896889974,123.23377847153054,0.870362564905717,0.18881174361484154,,,abs,,avg,True,,squared_error,0.01,500,1.0,2,1,3,,14,0
1,162.31392388177872,1389.579818050684,12.740248187605244,37.277068259865665,8.992682879977147,29.08333490314204,13.539424109738182,248.34516849269383,0.90653419953507,0.06647663676847704,,,abs,,avg,True,,squared_error,0.01,500,1.0,2,1,5,,14,0
1,85.66424706968856,1456.627290787826,9.255498207535268,38.16578691430095,6.280986536864921,30.23419022832319,9.854495295460458,619.7347216279462,0.9506716538414435,0.0214339688823294,,,abs,,avg,True,,squared_error,0.01,500,1.0,2,1,7,,14,0
1,35.122736881071525,1482.7973171671151,5.926443864668889,38.50710735912418,3.7144470338718882,30.614915994718356,6.0664924756993726,1435.7818651935704,0.9797751502853231,0.003852876580828557,,,abs,,avg,True,,squared_error,0.01,500,1.0,2,1,9,,14,0
1,819.8140983598789,1020.426905697928,28.63239595912083,31.94412161412375,25.92002658251587,28.288485027326317,32.58282284199458,44.908709249066625,0.5279235502220347,0.3144745306711697,,,abs,,avg,True,,squared_error,0.05,10,1.0,2,1,3,,14,0
1,783.2314614693089,947.6731168329394,27.98627273270431,30.784299843149583,25.256792535676794,26.94681076874632,31.933553677807442,43.57203732065707,0.5489890593189954,0.3633507166856985,,,abs,,avg,True,,squared_error,0.05,10,1.0,2,1,5,,14,0
1,754.4543920586781,916.769965045559,27.467333180683525,30.27820940950041,24.723311934519028,26.415561331215866,31.378556257190453,43.00006880387418,0.5655598609062855,0.38411153503975237,,,abs,,avg,True,,squared_error,0.05,10,1.0,2,1,7,,14,0
1,718.4801305845267,929.583518682778,26.804479673825544,30.489072119085193,24.07458021789768,26.508463829941302,30.717020895949005,43.222768311253,0.5862750470369913,0.37550335612769525,,,abs,,avg,True,,squared_error,0.05,10,1.0,2,1,9,,14,0
1,473.28038493817866,782.4679311416705,21.755008272537584,27.97262824873041,19.593124600502346,22.14638241387859,26.710553866089054,44.3495709726212,0.7274692831970717,0.47433599336174215,,,abs,,avg,True,,squared_error,0.05,20,1.0,2,1,3,,14,0
1,432.0651794876084,755.8007052115863,20.78617760646744,27.49182979016832,18.609527511095425,21.675952758791134,25.771024609578802,44.0001556104441,0.7512023806211094,0.4922511056244039,,,abs,,avg,True,,squared_error,0.05,20,1.0,2,1,5,,14,0
1,387.51217339876837,739.6902509017674,19.685328887239052,27.197247119915783,17.5764607866772,21.290429284314097,24.714648229532205,43.799885422348964,0.7768574955836761,0.5030741510480108,,,abs,,avg,True,,squared_error,0.05,20,1.0,2,1,7,,14,0
1,333.4233536750156,796.4516669062577,18.259883725670754,28.22147527869969,16.355422929309213,21.975539982787094,23.51520977558401,45.453555652061226,0.8080036518146474,0.4649416830299967,,,abs,,avg,True,,squared_error,0.05,20,1.0,2,1,9,,14,0
1,257.4205368199413,997.1597186664302,16.044330363712326,31.577835876868292,12.60240870677069,22.54509527443442,18.507620832946113,69.63485340935223,0.8517686224657355,0.33010548789178507,,,abs,,avg,True,,squared_error,0.05,50,1.0,2,1,3,,14,0
1,211.9995772012507,1080.3595715179308,14.560205259585137,32.86882370146414,11.221139924773105,24.073304762349302,16.886177084772918,88.96391376763727,0.8779235341770576,0.27421160871667194,,,abs,,avg,True,,squared_error,0.05,50,1.0,2,1,5,,14,0
1,152.6548602631818,1166.1617817478898,12.355357553028638,34.14911099498624,9.319737625241597,25.571070002661536,14.646595675664848,104.54223024445197,0.9120962122771893,0.2165694590350996,,,abs,,avg,True,,squared_error,0.05,50,1.0,2,1,7,,14,0
1,89.13400148239084,1236.7976322494499,9.441080525151284,35.16813376125395,7.112633689480814,26.472903683515842,12.21717204079039,110.43829312353814,0.9486736528946106,0.16911610956328804,,,abs,,avg,True,,squared_error,0.05,50,1.0,2,1,9,,14,0
1,225.09125621613634,1212.5142737240103,15.003041565500522,34.82117565108924,10.831162066161308,26.581994192205382,16.059356472023172,124.1690293258796,0.8703849063791895,0.18542973345646296,,,abs,,avg,True,,squared_error,0.05,100,1.0,2,1,3,,14,0
1,161.73368652101408,1362.2794972843044,12.71745597676729,36.909070664056344,8.945463046844178,28.74994334974338,13.491231221043634,265.07004611257764,0.9068683196652876,0.08481706380121956,,,abs,,avg,True,,squared_error,0.05,100,1.0,2,1,5,,14,0
1,84.89413796616236,1457.9068765056127,9.213801493746343,38.182546752483816,6.261518024940229,30.285651372724878,9.8270037282865,644.960410535937,0.9511151084883709,0.020574339843900447,,,abs,,avg,True,,squared_error,0.05,100,1.0,2,1,7,,14,0
1,34.88818105929087,1510.7062276849067,5.906621797549837,38.867804513310325,3.7059738250411716,30.93754896648416,6.053010279379537,1040.215141611974,0.9799102153931842,-0.01489640264175307,,,abs,,avg,True,,squared_error,0.05,100,1.0,2,1,9,,14,0
1,199.90706210808062,1360.1517979200914,14.13884939123692,36.88023587126432,9.926554909641457,29.047365612506198,14.926647934783405,365.4820167364318,0.8848868098824776,0.08624645780984297,,,abs,,avg,True,,squared_error,0.05,200,1.0,2,1,3,,14,0
1,113.11744633847046,1522.0185800654485,10.635668589161213,39.01305653323575,7.235455610518621,30.788374658899006,11.605966636644087,648.8012773906743,0.9348631810769699,-0.02249607061559966,,,abs,,avg,True,,squared_error,0.05,200,1.0,2,1,5,,14,0
1,40.30105076485974,1574.2657532024366,6.348310859186067,39.67701794745211,4.185731970486013,31.858969949587163,7.437648889237298,1220.7329980533973,0.9767933034995882,-0.05759585844542103,,,abs,,avg,True,,squared_error,0.05,200,1.0,2,1,7,,14,0
1,7.293718677530474,1638.2009102608547,2.700688556189046,40.474694690149974,1.7181415634729875,32.21575878771046,3.5406393587151372,3924.940231020748,0.995800032195279,-0.10054766450261954,,,abs,,avg,True,,squared_error,0.05,200,1.0,2,1,9,,14,0
1,179.06238366858983,1479.9325556535803,13.381419344321806,38.469891547203254,9.317525364544812,30.79839150644088,14.348411001748824,479.45334241622356,0.8968898747409189,0.005777430872875633,,,abs,,avg,True,,squared_error,0.05,300,1.0,2,1,3,,14,0
1,82.78541439205686,1677.6759466822075,9.098649042141194,40.959442704731806,6.16935928562988,32.67856314551451,10.48567395406161,5439.936514307084,0.9523293822370396,-0.12706709741683864,,,abs,,avg,True,,squared_error,0.05,300,1.0,2,1,5,,14,0
1,21.781361423849283,1720.8601064649995,4.667050612951319,41.48325091485719,3.0852341949616027,33.48664251287895,6.086563121702087,511.1949806325594,0.9874575616680994,-0.15607832912522057,,,abs,,avg,True,,squared_error,0.05,300,1.0,2,1,7,,14,0
1,2.784525767652912,1673.5660059366357,1.6686898356653677,40.909241082384256,1.0733177970761203,32.50464734792801,2.557313922991952,3279.441549304338,0.9983965766856917,-0.12430602845365346,,,abs,,avg,True,,squared_error,0.05,300,1.0,2,1,9,,14,0
1,149.86847570237882,1680.8697214081508,12.242078079410327,40.99841120590103,8.438728570167243,32.80377762979236,15.697653555114343,1552.1277580593496,0.9137007059469269,-0.12921268364717764,,,abs,,avg,True,,squared_error,0.05,500,1.0,2,1,3,,14,0
1,49.501667144749604,1961.1983195819525,7.035742117555873,44.285418814570924,4.72748906154745,35.50353556391185,8.890514611192096,597.5229532982248,0.9714952800512517,-0.3175381705157849,,,abs,,avg,True,,squared_error,0.05,500,1.0,2,1,5,,14,0
1,8.268013182962298,1841.2051899045534,2.8754153061709706,42.90926694671622,1.9150858381332017,34.60522637748938,4.316463489060464,460.10395969778415,0.9952390007467072,-0.23692647155036695,,,abs,,avg,True,,squared_error,0.05,500,1.0,2,1,7,,14,0
1,0.7079736975454362,1730.9709091261811,0.8414117289088833,41.60493851847616,0.565076464526478,33.05121269345378,1.6650035499163989,1252.1303438267244,0.9995923250035075,-0.16287079284887862,,,abs,,avg,True,,squared_error,0.05,500,1.0,2,1,9,,14,0
1,464.71945573427683,778.0035653928796,21.557352707006416,27.892715274653337,19.37471660787202,22.03203527080001,26.497807705926178,44.55610186995768,0.7323989533179731,0.4773351659708789,,,abs,,avg,True,,squared_error,0.1,10,1.0,2,1,3,,14,0
1,421.8996059385661,755.3413220569711,20.540194885603352,27.483473617011573,18.358689631338706,21.486069728720746,25.521796580513257,44.156604240011575,0.7570560587666664,0.4925597204315115,,,abs,,avg,True,,squared_error,0.1,10,1.0,2,1,5,,14,0
1,377.3177730553349,756.0953235085096,19.424669187796606,27.49718755633946,17.321166209707,21.212273581401366,24.46246813383871,44.498695149097706,0.7827277731641317,0.4920531802804685,,,abs,,avg,True,,squared_error,0.1,10,1.0,2,1,7,,14,0
1,324.8576065816695,779.6068848699666,18.023806661792328,27.92144131075555,16.11677324394104,21.78594227735906,23.278205848135546,45.59189471535672,0.8129360962378557,0.4762580517445911,,,abs,,avg,True,,squared_error,0.1,10,1.0,2,1,9,,14,0
1,278.9585652781008,927.5386275074306,16.702052726479486,30.45551883497358,13.692430788128798,21.484493174721095,20.03224864884289,58.262394201422964,0.8393663034154947,0.3768771193780356,,,abs,,avg,True,,squared_error,0.1,20,1.0,2,1,3,,14,0
1,237.10087664828237,989.7529860534055,15.398080291006485,31.460339890938965,12.37664310267816,22.503773733959786,18.610519060274918,66.48730666345023,0.8634693641994067,0.3350813502709372,,,abs,,avg,True,,squared_error,0.1,20,1.0,2,1,5,,14,0
1,178.27818225945583,1039.4644271453776,13.352085315015623,32.240726219261525,10.643851284928036,23.150977781235916,16.701347636740365,72.17492378807215,0.8973414442099917,0.30168507387397325,,,abs,,avg,True,,squared_error,0.1,20,1.0,2,1,7,,14,0
1,114.5579189597733,1089.0237316851747,10.703173312610298,33.000359569028554,8.623005362937286,23.88913694306795,14.570878368103743,76.47264563207976,0.9340337086362941,0.26839100321144205,,,abs,,avg,True,,squared_error,0.1,20,1.0,2,1,9,,14,0
1,226.32940438726735,1220.6781222770035,15.044248216088013,34.93820433675725,10.796898247024867,26.77144351975512,15.993726214893186,133.95180056856617,0.869671939141744,0.17994523860477896,,,abs,,avg,True,,squared_error,0.1,50,1.0,2,1,3,,14,0
1,162.7250330041431,1387.4392109430273,12.756372250923972,37.24834507656719,8.937851367174655,29.012346955288173,13.415867188615222,287.1243765168082,0.9062974691161306,0.06791470223297147,,,abs,,avg,True,,squared_error,0.1,50,1.0,2,1,5,,14,0
1,82.97665613089153,1508.112312095869,9.109152327790524,38.834421742776975,6.212113488453148,30.392322051572787,9.81858990648034,535.8570974839091,0.952219258830649,-0.013153803351548587,,,abs,,avg,True,,squared_error,0.1,50,1.0,2,1,7,,14,0
1,34.44231171264643,1484.3295703312583,5.868757254534083,38.52699794081104,3.7230523867279914,30.621380998706478,6.112747821012401,1435.246172864016,0.9801669619149259,0.002823504889809314,,,abs,,avg,True,,squared_error,0.1,50,1.0,2,1,9,,14,0
1,199.39988851721017,1352.3495461619798,14.120902539045094,36.77430551569913,9.906286233606071,28.83295638713408,15.046988225344263,507.72146981109086,0.8851788574438434,0.09148803098714264,,,abs,,avg,True,,squared_error,0.1,100,1.0,2,1,3,,14,0
1,113.0214911363113,1555.564056437804,10.63115662269686,39.440639655535556,7.2118108608316955,31.00933028634033,11.579406125975389,808.1903653785554,0.9349184353001696,-0.045032009550186824,,,abs,,avg,True,,squared_error,0.1,100,1.0,2,1,5,,14,0
1,39.225949062582444,1669.9518478192074,6.263062275163999,40.86504432665169,4.10756292739108,32.18725288488377,7.2940699183734,3429.7090447546034,0.9774123831126085,-0.12187802755927857,,,abs,,avg,True,,squared_error,0.1,100,1.0,2,1,7,,14,0
1,7.959125582666658,1615.271245047687,2.8211922271739405,40.19043723384565,1.8060260067200335,32.35885425758047,3.6486039764897784,1995.8904860038683,0.995416868585306,-0.08514345532405154,,,abs,,avg,True,,squared_error,0.1,100,1.0,2,1,9,,14,0
1,163.74417816370593,1626.0134246727528,12.79625641208029,40.3238567683295,8.884798316709912,32.15234755649955,14.378381773607424,15612.37460884425,0.9057106111568721,-0.09236007974660243,,,abs,,avg,True,,squared_error,0.1,200,1.0,2,1,3,,14,0
1,64.1314181858938,1756.7266771083046,8.008209424452748,41.913323384197355,5.381778959095134,32.893479690510425,9.76432080821603,7796.365103853989,0.9630709788024007,-0.18017358527357796,,,abs,,avg,True,,squared_error,0.1,200,1.0,2,1,5,,14,0
1,12.158270568188257,1825.8672482343216,3.4868711717223304,42.73016789382323,2.3073772941653594,33.51754252934294,5.029850510208728,735.9722036115019,0.9929988600869966,-0.22662240214244367,,,abs,,avg,True,,squared_error,0.1,200,1.0,2,1,7,,14,0
1,1.41235080114251,1703.9414729208631,1.1884236623117659,41.27882596345084,0.7939327673851797,33.14445656729467,2.144375572635706,1255.1276932264982,0.9991867210464198,-0.14471234677412426,,,abs,,avg,True,,squared_error,0.1,200,1.0,2,1,9,,14,0
1,136.06461722510087,1821.1996788857834,11.664673901361361,42.67551615254095,8.052929124655401,34.13702104530865,14.20804739700057,1144.4548533195832,0.9216494305617239,-0.22348671682249122,,,abs,,avg,True,,squared_error,0.1,300,1.0,2,1,3,,14,0
1,38.9390491799959,1944.3598497442922,6.240116119111558,44.094895960238894,4.1905513903699205,34.70874158966145,8.32126982627267,759.6290495580292,0.9775775896860063,-0.30622604235277207,,,abs,,avg,True,,squared_error,0.1,300,1.0,2,1,5,,14,0
1,5.341080816561721,1965.935347897571,2.3110778473607767,44.338869492777675,1.5400879286730766,34.96275110152996,3.6787368390101784,964.7917725044979,0.9969244265560888,-0.3207205185518427,,,abs,,avg,True,,squared_error,0.1,300,1.0,2,1,7,,14,0
1,0.5003028132094597,1687.745065395859,0.7073208700508276,41.082174545608694,0.48395339143920335,32.44971987915693,1.5309776487768805,868.6446138898766,0.9997119088628186,-0.13383155775531108,,,abs,,avg,True,,squared_error,0.1,300,1.0,2,1,9,,14,0
1,103.94647137816446,2226.318079247891,10.195414232789389,47.18387520380126,6.976113377036045,37.810938869444456,14.69551102078974,470.25753492475116,0.9401441360019038,-0.4956463198192693,,,abs,,avg,True,,squared_error,0.1,500,1.0,2,1,3,,14,0
1,19.229750975852376,2204.558753687181,4.385173996074999,46.952728926945035,2.9066180272787268,37.51830908008852,6.614870191334463,604.297858269172,0.9889268645306832,-0.4810283478861572,,,abs,,avg,True,,squared_error,0.1,500,1.0,2,1,5,,14,0
1,1.7442799866857377,2082.6420316720287,1.3207119241854892,45.635973000167624,0.8969499503886347,36.36009333590272,2.3507594459048646,1810.594205971406,0.9989955850903507,-0.3991243745473645,,,abs,,avg,True,,squared_error,0.1,500,1.0,2,1,7,,14,0
1,0.11121567933352706,1749.6021823726999,0.3334901487803306,41.82824622635642,0.23362482454833136,33.75574682104136,0.9528249892216669,1150.0803363823443,0.999935958282293,-0.17538733104009552,,,abs,,avg,True,,squared_error,0.1,500,1.0,2,1,9,,14,0
1,274.92297916143343,961.6230581182626,16.580801523491964,31.01004769616233,13.38933658106133,21.752727994090602,19.638803867956227,61.29518590868912,0.8416901292322755,0.35397910957368284,,,abs,,avg,True,,squared_error,0.2,10,1.0,2,1,3,,14,0
1,233.90732926952703,1028.6358305489327,15.294029203238988,32.072353056003436,12.156767647929593,23.098298955753144,18.24043737205726,71.90217166156297,0.8653083158736663,0.3089597534443569,,,abs,,avg,True,,squared_error,0.2,10,1.0,2,1,5,,14,0
1,179.4665278173288,1132.5772466354426,13.396511777971488,33.65378502687985,10.474031985279128,24.290169231838714,16.358444299998247,83.13722616937322,0.896657154987359,0.23913163773363577,,,abs,,avg,True,,squared_error,0.2,10,1.0,2,1,7,,14,0
1,110.72772643634913,1109.4642958374197,10.522724287766412,33.308621944436844,8.285253947683644,24.149187553219406,14.027259484076565,82.91037447781376,0.9362392619343425,0.2546589786484187,,,abs,,avg,True,,squared_error,0.2,10,1.0,2,1,9,,14,0
1,233.8269090812194,1185.8161197902857,15.291399840473057,34.43568091079783,11.131345511087957,25.905291456402455,16.528364181624188,113.16051320873439,0.8653546245149335,0.20336562323301877,,,abs,,avg,True,,squared_error,0.2,20,1.0,2,1,3,,14,0
1,171.88980635354184,1380.225081371125,13.110675282133329,37.151380611911655,9.339303223223414,29.142473007717786,14.019445046205675,225.16420375125566,0.9010200852867241,0.07276117338437149,,,abs,,avg,True,,squared_error,0.2,20,1.0,2,1,5,,14,0
1,97.1518021291738,1568.6024361349882,9.856561374494342,39.6055859208646,6.773407357707817,30.90411398551867,10.545636988501753,353.2765317381323,0.9440567344103676,-0.05379122719849683,,,abs,,avg,True,,squared_error,0.2,20,1.0,2,1,7,,14,0
1,47.0426312014271,1422.8898616137526,6.858763095589984,37.721212356096835,4.4511385444326494,29.669300775372786,7.213025280257343,582.0101809586732,0.9729112754096171,0.04409886221213277,,,abs,,avg,True,,squared_error,0.2,20,1.0,2,1,9,,14,0
1,202.7990983267145,1358.4215964369196,14.240754836971055,36.85677137836302,10.013191804108317,28.659781393978744,15.124833172549184,274.5871833532909,0.8832214784452002,0.08740881170031944,,,abs,,avg,True,,squared_error,0.2,50,1.0,2,1,3,,14,0
1,110.30879180080414,1510.2897225380925,10.50279923643236,38.86244617285552,7.149226814963465,30.92524407340326,11.742087200911085,2958.969722650117,0.9364804985461948,-0.01461659339265009,,,abs,,avg,True,,squared_error,0.2,50,1.0,2,1,5,,14,0
1,37.14456722126765,1765.61579137047,6.094634297582394,42.01923120870335,4.0418514641177365,33.4333322713187,7.336657799618727,1374.4767190334367,0.9786109125746487,-0.18614531552928004,,,abs,,avg,True,,squared_error,0.2,50,1.0,2,1,7,,14,0
1,8.891247104367043,1549.6880500865257,2.981819428531353,39.366077402841725,1.8864870896034398,31.62390728957697,3.855673831967734,4428.962998209491,0.9948801217550107,-0.04108449308502249,,,abs,,avg,True,,squared_error,0.2,50,1.0,2,1,9,,14,0
1,160.35499252967975,1612.6558339224937,12.663135177738559,40.15788632289421,8.798700733788687,31.642991773958276,16.902848610416775,515.762658091642,0.9076622178991207,-0.08338641527632795,,,abs,,avg,True,,squared_error,0.2,100,1.0,2,1,3,,14,0
1,57.94562305117656,1881.0686849109284,7.612202247127737,43.371288716280134,5.137281731128776,34.59407158952836,13.70713434063128,532.7704790809557,0.9666329670776611,-0.26370687195997977,,,abs,,avg,True,,squared_error,0.2,100,1.0,2,1,5,,14,0
1,11.359644113781144,2048.3967000109396,3.3704071139524294,45.25921674102347,2.2438150496600504,35.82692920054285,5.186764656695937,1824.418494332345,0.9934587359808724,-0.37611827099579975,,,abs,,avg,True,,squared_error,0.2,100,1.0,2,1,7,,14,0
1,1.8436715933898102,1695.6107045696742,1.3578186894389876,41.17779382834484,0.9061986802242159,32.65740654236383,2.3932580049274286,3462.714905533261,0.9989383520701764,-0.1391157147645905,,,abs,,avg,True,,squared_error,0.2,100,1.0,2,1,9,,14,0
1,118.66630911241225,1969.342414831693,10.893406680759341,44.377273629997745,7.5057714678898915,35.237885849284595,13.524039639476435,2643.9479764276375,0.931667959814164,-0.3230093950465791,,,abs,,avg,True,,squared_error,0.2,200,1.0,2,1,3,,14,0
1,24.085068246813524,2127.4072988087432,4.9076540471811505,46.123825717396244,3.3089261398771144,36.7722749449148,8.12157232975797,956.7311682253446,0.9861310100260992,-0.42919779831948435,,,abs,,avg,True,,squared_error,0.2,200,1.0,2,1,5,,14,0
1,2.9705161331417633,2061.690908325978,1.7235185328686673,45.40584663152949,1.1775523185010508,36.599787217154045,3.032858268807679,929.1186307308992,0.9982894771961751,-0.38504935497999604,,,abs,,avg,True,,squared_error,0.2,200,1.0,2,1,7,,14,0
1,0.3004335973945244,1651.1138247098768,0.5481182330433138,40.633899944626,0.3807055292327839,32.178429727486396,1.2662327451543494,1490.3120950186608,0.9998270002597713,-0.10922259426842618,,,abs,,avg,True,,squared_error,0.2,200,1.0,2,1,9,,14,0
1,95.30858358679403,2305.3552878273717,9.762611514691857,48.01411550604022,6.6389758877923715,38.34113023652558,13.788914746632267,1929.4531868460333,0.9451181214582268,-0.5487437236640169,,,abs,,avg,True,,squared_error,0.2,300,1.0,2,1,3,,14,0
1,12.700893953223463,2281.7013087778996,3.5638313586957877,47.7671572189292,2.417762917958089,38.22465418985765,7.561427759024799,769.5430528172892,0.9926863993453646,-0.5328529185521182,,,abs,,avg,True,,squared_error,0.2,300,1.0,2,1,5,,14,0
1,1.231382273611818,2271.662993308693,1.1096766527289912,47.66196589848863,0.7808636089725465,38.48714715153488,2.197954638167186,486.5886411121079,0.999290928793236,-0.5261091519139851,,,abs,,avg,True,,squared_error,0.2,300,1.0,2,1,7,,14,0
1,0.09854507508217851,1860.7309917623736,0.31391889889297603,43.136191206020655,0.225284973989885,34.66920656869987,0.9374223878792123,1010.4553744617824,0.9999432544411215,-0.2500439564068142,,,abs,,avg,True,,squared_error,0.2,300,1.0,2,1,9,,14,0
1,65.14169031571767,2808.1142429941915,8.071040225133169,52.99164314299181,5.44419089774769,42.56953328716286,12.306708679681035,3891.135960952991,0.9624892302312172,-0.8864985072506748,,,abs,,avg,True,,squared_error,0.2,500,1.0,2,1,3,,14,0
1,5.294975920128423,2453.9823943512592,2.30108146751227,49.53768660677706,1.5774469911085356,39.24376918177529,4.032516593267048,1419.6725821181087,0.9969509753015533,-0.6485918033117084,,,abs,,avg,True,,squared_error,0.2,500,1.0,2,1,5,,14,0
1,0.36382427873654194,2292.0967061157853,0.6031784800011867,47.87584679267601,0.43127174899080234,38.94514760796835,1.3602031134248267,900.7986198164991,0.9997904977796886,-0.539836573725381,,,abs,,avg,True,,squared_error,0.2,500,1.0,2,1,7,,14,0
1,0.019850255390546453,1664.444589266591,0.14089093438027323,40.79760519033674,0.10249451356998308,32.8660888136734,0.6857500062661205,1436.2836361822158,0.9999885695572804,-0.11817823683157802,,,abs,,avg,True,,squared_error,0.2,500,1.0,2,1,9,,14,0
1,246.81178375402072,1139.790311509795,15.710244547874508,33.76078067091748,11.677356121698633,24.949759172591563,17.226973408477388,98.77728780900836,0.8578774982388531,0.23428588184884003,,,abs,,avg,True,,squared_error,0.3,10,1.0,2,1,3,,14,0
1,196.0658098381206,1221.344273742886,14.00235015410344,34.947736317863075,10.1216850666721,26.775308493113,15.114141293961875,167.83572244390697,0.8870987317534629,0.1794977163043151,,,abs,,avg,True,,squared_error,0.3,10,1.0,2,1,5,,14,0
1,127.16908635789488,1355.3751690396932,11.276927168244676,36.8154202616199,7.766742618074346,28.849220810116112,11.950823939130279,230.85440295250277,0.9267717755410091,0.08945540960909504,,,abs,,avg,True,,squared_error,0.3,10,1.0,2,1,7,,14,0
1,64.68825234827324,1367.2649784762114,8.042900742162198,36.97654632975085,5.339940980290365,29.014388287476365,8.95137416726345,261.5103551293262,0.9627503350186244,0.08146780447178781,,,abs,,avg,True,,squared_error,0.3,10,1.0,2,1,9,,14,0
1,223.9846206197607,1271.813662943866,14.966115749243713,35.662496588767674,10.603718639727827,27.592643425971602,16.114448986789487,189.14843188324036,0.8710221442659007,0.14559224838147777,,,abs,,avg,True,,squared_error,0.3,20,1.0,2,1,3,,14,0
1,152.42741352857325,1538.0047664537447,12.346149745105688,39.21740387192585,8.534180848043277,30.780749432581114,13.094971630904551,690.2325116905241,0.9122271837342579,-0.03323563252387696,,,abs,,avg,True,,squared_error,0.3,20,1.0,2,1,5,,14,0
1,72.99164806825672,1549.121328052539,8.543514971500707,39.35887864323041,5.609160023033932,31.16510105479038,9.171343673339168,2592.3819927371037,0.9579689613139841,-0.04070376773746598,,,abs,,avg,True,,squared_error,0.3,20,1.0,2,1,7,,14,0
1,22.69396921313596,1623.0111855365594,4.763818763674365,40.28661298169107,2.9751586043896623,32.13236195392282,5.384019285714771,1325.6113420775237,0.9869320514993086,-0.09034316762738648,,,abs,,avg,True,,squared_error,0.3,20,1.0,2,1,9,,14,0
1,183.61102041537185,1478.4402403897373,13.550314402823716,38.45049076916623,9.45219515988552,30.05900299692964,15.095089219154287,591.447292659357,0.8942706171664927,0.006779972177813898,,,abs,,avg,True,,squared_error,0.3,50,1.0,2,1,3,,14,0
1,80.62366563594813,1839.4124910835617,8.979068194191875,42.88837244619527,6.068225992306892,33.98539198647675,13.669138947682697,1048.499179036798,0.9535741896636712,-0.2357221317845657,,,abs,,avg,True,,squared_error,0.3,50,1.0,2,1,5,,14,0
1,20.373993362064972,1791.810575587747,4.51375601490211,42.32978355233755,3.00520689119012,33.607567321256745,6.365982650081967,2573.320060056302,0.9882679713932642,-0.20374304021122014,,,abs,,avg,True,,squared_error,0.3,50,1.0,2,1,7,,14,0
1,3.4066570954155417,1599.3855723522197,1.8457131671566798,39.992318916914776,1.235099363872924,31.940585612798674,2.9768430592718387,1977.555286650228,0.9980383326043891,-0.07447141877801777,,,abs,,avg,True,,squared_error,0.3,50,1.0,2,1,9,,14,0
1,140.56473286024874,1768.6210874108112,11.855999867588087,42.05497696362241,8.168396258528132,33.34274990767051,14.198668827135105,988.0289296277406,0.9190581130705012,-0.1881642812847133,,,abs,,avg,True,,squared_error,0.3,100,1.0,2,1,3,,14,0
1,39.16880180258867,2247.08089764499,6.258498366428537,47.40338487539671,4.202935868490676,36.6995614716276,9.6323267800128,2705.0415954453397,0.9774452904213098,-0.5095948356284692,,,abs,,avg,True,,squared_error,0.3,100,1.0,2,1,5,,14,0
1,6.178241600529983,1993.8972002167295,2.485606887770064,44.65307604428534,1.6817992248969102,35.64179715518656,4.136279881235075,830.894065561436,0.9964423613030275,-0.3395053642153192,,,abs,,avg,True,,squared_error,0.3,100,1.0,2,1,7,,14,0
1,0.7266275327591822,1629.8872147305572,0.8524245026740974,40.37186167035844,0.5917427059199893,32.375085618206725,1.6580068667553498,736.5669221788123,0.9995815834996469,-0.09496250205890067,,,abs,,avg,True,,squared_error,0.3,100,1.0,2,1,9,,14,0
1,94.75055915100612,2142.007612176291,9.73398988858146,46.28182809890174,6.618303693983937,36.63623918292211,16.688538940253753,10729.436104672484,0.9454394506413466,-0.4390063271006719,,,abs,,avg,True,,squared_error,0.3,200,1.0,2,1,3,,14,0
1,13.89977248572712,2811.9313087139362,3.728239864296169,53.027646645065595,2.5383817344376283,41.18379575867121,7.625332623380694,1346.0001445406776,0.9919960448827229,-0.8890628220040153,,,abs,,avg,True,,squared_error,0.3,200,1.0,2,1,5,,14,0
1,1.5591969950400213,2047.1323068056092,1.2486780990471569,45.24524623433504,0.8687227169863634,36.02566295944136,2.360333637295008,996.7846866282457,0.9991021620835803,-0.37526884832705165,,,abs,,avg,True,,squared_error,0.3,200,1.0,2,1,7,,14,0
1,0.14449485258050093,1746.4038324447752,0.3801247855382505,41.789996798812695,0.26949876003891476,33.765164977951834,1.043241005116186,430.2772437272812,0.9999167950183415,-0.17323867117707592,,,abs,,avg,True,,squared_error,0.3,200,1.0,2,1,9,,14,0
1,72.22513326396286,2489.7815074548,8.498537124938789,49.89771044301331,5.732726706708312,39.72879683541421,11.373585382802002,1436.3830141362314,0.958410346242881,-0.6726417413080759,,,abs,,avg,True,,squared_error,0.3,300,1.0,2,1,3,,14,0
1,7.476469230775956,3076.115984650745,2.734313301502949,55.462744113961264,1.8732634005063094,42.69127214970333,7.542940852705102,1898.8630004880563,0.9956947982982972,-1.0665427796078357,,,abs,,avg,True,,squared_error,0.3,300,1.0,2,1,5,,14,0
1,0.6237140778281302,2112.392435163724,0.7897557076894919,45.96077061107357,0.5642933810764116,36.48106878387514,1.6401256338691752,1745.7915969716669,0.9996408445181332,-0.4191107735755413,,,abs,,avg,True,,squared_error,0.3,300,1.0,2,1,7,,14,0
1,0.03898500758149451,1866.7816452508766,0.19744621440152887,43.20626858745009,0.14199136401612816,34.93636552050433,0.7757341597911037,1119.5048851794647,0.9999775511252973,-0.25410880127643787,,,abs,,avg,True,,squared_error,0.3,300,1.0,2,1,9,,14,0
1,45.18677515238482,3074.4094159395486,6.722110914912429,55.44735715919694,4.512083263856071,43.80159135875376,11.59451025143899,909.1020836900785,0.9739799395576033,-1.0653963022755035,,,abs,,avg,True,,squared_error,0.3,500,1.0,2,1,3,,14,0
1,2.8799871670620427,3123.775673115958,1.697052493902897,55.89074765214684,1.1972907295122412,43.374630253762696,3.8933280368158534,1148.9548858326343,0.9983416068106749,-1.09856068321342,,,abs,,avg,True,,squared_error,0.3,500,1.0,2,1,5,,14,0
1,0.16020552211993766,2208.3214996348775,0.4002568202041505,46.992781356660274,0.29382100542059236,37.37519789912866,1.0853271611395405,1161.869993785755,0.9999077482879735,-0.48355617047428834,,,abs,,avg,True,,squared_error,0.3,500,1.0,2,1,7,,14,0
1,0.005317442811728008,1929.5332479770627,0.07292079821099058,43.926452713337355,0.053330199725404974,35.26992492162168,0.5944520238961681,678.1242877511834,0.999996938038112,-0.2962654924316781,,,abs,,avg,True,,squared_error,0.3,500,1.0,2,1,9,,14,0
1,232.34371048149492,1274.8904998461717,15.24282488522042,35.70560880094571,10.96727367729602,27.27657096151216,16.673399674447158,136.6191104499912,0.8662087000067729,0.14352522128750012,,,abs,,avg,True,,squared_error,0.4,10,1.0,2,1,3,,14,0
1,179.35739044618245,1390.876216870309,13.392437808187964,37.29445289678224,9.339386123645916,28.51967062027108,14.147809472159395,310.2242957678238,0.8967199999455171,0.06560571264417359,,,abs,,avg,True,,squared_error,0.4,10,1.0,2,1,5,,14,0
1,104.876279872742,1514.7278153508025,10.24091206254316,38.91950430504996,6.837351628609473,31.038776158133025,10.661558916470042,1200.9350334140986,0.9396087210901919,-0.01759811577447823,,,abs,,avg,True,,squared_error,0.4,10,1.0,2,1,7,,14,0
1,44.97084877360395,1737.3712595424229,6.706030776368682,41.68178570481863,4.207219534050633,32.60163484898093,6.791916076007119,1000.8812046524235,0.9741042772074586,-0.16717056503095584,,,abs,,avg,True,,squared_error,0.4,10,1.0,2,1,9,,14,0
1,208.40204634587167,1441.930937315748,14.436136822081997,37.97276573171551,10.18257370899871,29.437596037831995,15.839403640848795,265.13756010606113,0.8799951130844851,0.03130701765741828,,,abs,,avg,True,,squared_error,0.4,20,1.0,2,1,3,,14,0
1,131.61912338598623,1578.6717423490022,11.472537791874396,39.73250234189891,7.746253276434048,31.124985660114802,12.606772844502876,1161.0480119253027,0.9242092949910836,-0.060555813500204,,,abs,,avg,True,,squared_error,0.4,20,1.0,2,1,5,,14,0
1,53.803431119081736,1569.697893919132,7.33508221624555,39.61941309407715,4.751172600003485,31.476608815639818,9.302073762755349,10118.709216959742,0.969018180097923,-0.05452715860858781,,,abs,,avg,True,,squared_error,0.4,20,1.0,2,1,7,,14,0
1,10.964697008044824,1617.945403872042,3.311298387044699,40.22369207161424,2.155009527989582,32.07888731134055,4.538198622477534,7672.476374239651,0.9936861597686545,-0.08693996223002332,,,abs,,avg,True,,squared_error,0.4,20,1.0,2,1,9,,14,0
1,163.4242680230934,1836.9121853575446,12.783750154907338,42.859213541052576,8.92809153548645,33.53193997477757,21.554255779824,1290.8491294163557,0.9058948261438191,-0.2340424198456481,,,abs,,avg,True,,squared_error,0.4,50,1.0,2,1,3,,14,0
1,62.22491905103729,2046.6538124016008,7.888277318339999,45.239958138813535,5.345978048393253,35.46280148114659,12.633360704680435,2065.794561171229,0.9641688049374822,-0.3749473945325197,,,abs,,avg,True,,squared_error,0.4,50,1.0,2,1,5,,14,0
1,13.437791821176257,1959.143159892388,3.665759378515761,44.26220916190682,2.4686871300905575,35.41891210996639,5.691661368208998,1099.8805099477338,0.9922620688415978,-0.31615750885068405,,,abs,,avg,True,,squared_error,0.4,50,1.0,2,1,7,,14,0
1,2.183498438957833,1884.8703093788636,1.477666552019715,43.41509310572607,1.002676905310026,33.917636195875104,2.5827649777082997,795.4302748658598,0.9987426683766221,-0.26626081323989026,,,abs,,avg,True,,squared_error,0.4,50,1.0,2,1,9,,14,0
1,121.324203435563,2027.2076321490492,11.014726661863335,45.024522564365405,7.587431908416941,35.617288980204336,13.958866672556258,773.5609240332576,0.9301374551321047,-0.3618833996791442,,,abs,,avg,True,,squared_error,0.4,100,1.0,2,1,3,,14,0
1,29.36221114111238,2633.793639526161,5.418690906585499,51.320499213532216,3.6432644374471486,40.688256813796414,8.639453909631742,1115.0693507229657,0.9830922541819443,-0.7693894690247833,,,abs,,avg,True,,squared_error,0.4,100,1.0,2,1,5,,14,0
1,3.954267802229922,1913.9132665971179,1.9885340837486094,43.748294442150744,1.3765871019308227,34.635068479355475,3.7274318232051358,934.5585504065788,0.99772299999563,-0.2857719480076699,,,abs,,avg,True,,squared_error,0.4,100,1.0,2,1,7,,14,0
1,0.5092217859857748,1837.1252245064716,0.7135977760515897,42.86169880565249,0.490907683161927,34.38678963695986,1.513019924372765,903.2848579898357,0.999706773019202,-0.23418554010417725,,,abs,,avg,True,,squared_error,0.4,100,1.0,2,1,9,,14,0
1,79.36870908111565,2635.3733831497307,8.908911778725596,51.33588786755062,6.097172370584567,39.07256162315914,17.04218403699932,492.0023165161799,0.9542968357321105,-0.7704507449308968,,,abs,,avg,True,,squared_error,0.4,200,1.0,2,1,3,,14,0
1,10.922273836030245,3283.7650280677053,3.3048863575061467,57.30414494665901,2.2605871077168436,44.92311100248631,5.771645684557373,849.0034808589064,0.9937105884537344,-1.2060419511303015,,,abs,,avg,True,,squared_error,0.4,200,1.0,2,1,5,,14,0
1,1.0858197563183039,2367.540983442759,1.042026754127889,48.657383647733866,0.7334246442570942,38.2856862058005,2.0114881128654276,1832.6048413913202,0.9993747485720397,-0.5905202369392342,,,abs,,avg,True,,squared_error,0.4,200,1.0,2,1,7,,14,0
1,0.07862451617516938,1973.4373898964516,0.28040063511905494,44.423387870540125,0.19841374584376084,34.738008662815375,0.8950253956511726,1304.9157010136598,0.9999547253669634,-0.32576041002617573,,,abs,,avg,True,,squared_error,0.4,200,1.0,2,1,9,,14,0
1,57.86087452012859,3145.308044386001,7.6066335865564465,56.08304596209091,5.16218773822823,42.36159312123165,11.622104658183481,435.5595472296808,0.9666817681238264,-1.113026186659316,,,abs,,avg,True,,squared_error,0.4,300,1.0,2,1,3,,14,0
1,5.397456686471965,3459.783407610752,2.3232427093336514,58.81992356005533,1.62579268749394,46.22220689175745,4.172442830353305,2187.005842422345,0.9968919634396657,-1.3242915597724978,,,abs,,avg,True,,squared_error,0.4,300,1.0,2,1,5,,14,0
1,0.357486182718463,1946.6601920995413,0.5979014824521369,44.12097224789523,0.43370176802347965,35.082128616627415,1.4178789011412913,1175.4413703457453,0.9997941474679198,-0.3077714183751934,,,abs,,avg,True,,squared_error,0.4,300,1.0,2,1,7,,14,0
1,0.0197713961260385,1793.9357661814709,0.14061079661974218,42.35487889466184,0.10101922086891617,33.28184606980233,0.6902208139742467,1212.4886293400782,0.9999886149670895,-0.20517074882125463,,,abs,,avg,True,,squared_error,0.4,300,1.0,2,1,9,,14,0
1,34.28482065009348,3833.4183457656,5.855324128525549,61.914605270207446,3.984484163858587,46.89194741468649,9.950551975663787,1011.6307471169819,0.9802576505501062,-1.5753004903544139,,,abs,,avg,True,,squared_error,0.4,500,1.0,2,1,3,,14,0
1,2.0014221420937988,3476.3279980522843,1.4147162761818353,58.96039346927974,1.0061930272730297,47.009036531615074,2.635161777163436,1395.9303165498536,0.9988475140141687,-1.3354062589870654,,,abs,,avg,True,,squared_error,0.4,500,1.0,2,1,5,,14,0
1,0.07657641811555035,2236.179999579632,0.27672444437662236,47.288264924605045,0.2027211968102686,37.78052580581395,0.9042834864852273,2486.222237361602,0.9999559047305078,-0.5022715837417999,,,abs,,avg,True,,squared_error,0.4,500,1.0,2,1,7,,14,0
1,0.001607930415468812,1951.211593894316,0.040099007661896224,44.17252080076839,0.029212647357765693,35.35025527865202,0.5428268124021985,1106.0294007084613,0.9999990740997459,-0.31082906202810445,,,abs,,avg,True,,squared_error,0.4,500,1.0,2,1,9,,14,0
1,229.16442229757163,1303.7925282323129,15.138177641234483,36.108067356649165,10.82964834287902,27.890361222927254,16.756171183092167,159.9482363757702,0.8680394407584753,0.12410876287844508,,,abs,,avg,True,,squared_error,0.5,10,1.0,2,1,3,,14,0
1,176.21762289428844,1366.3387977718198,13.274698598999844,36.96402031397315,9.140840853504827,28.870494904426632,13.98998508958984,279.5276181007679,0.8985279833919978,0.08209001509610192,,,abs,,avg,True,,squared_error,0.5,10,1.0,2,1,5,,14,0
1,93.70978773541462,1569.323635684204,9.680381590382407,39.61468964518344,6.30685897914595,30.801608336579953,10.17105833561351,1171.3540615616819,0.9460387617240491,-0.05427573094560034,,,abs,,avg,True,,squared_error,0.5,10,1.0,2,1,7,,14,0
1,32.11549420273346,1898.2965681453943,5.667053396848618,43.56944535044478,3.5912366194543015,34.61474563633707,6.320439562368967,1966.0340312643843,0.9815068214654733,-0.2752806090634441,,,abs,,avg,True,,squared_error,0.5,10,1.0,2,1,9,,14,0
1,206.11216865609973,1544.5773636592749,14.356607142918543,39.301111481219905,10.067653858020464,31.407981239541225,16.21764651589398,344.4828712785883,0.881313701447842,-0.03765112055038,,,abs,,avg,True,,squared_error,0.5,20,1.0,2,1,3,,14,0
1,117.58137017941989,1696.8549294446182,10.843494371254126,41.19289901724105,7.370835888681579,32.9495099780087,12.946851818102509,3545.171817448637,0.9322927040345154,-0.13995158829613263,,,abs,,avg,True,,squared_error,0.5,20,1.0,2,1,5,,14,0
1,41.855836353529114,1846.5552217441748,6.469608670818438,42.971562942766866,4.23407671650949,33.855535958636985,8.242892990489763,989.4906074639922,0.9758980058188903,-0.24052063696025705,,,abs,,avg,True,,squared_error,0.5,20,1.0,2,1,7,,14,0
1,8.937898204526846,1940.3596444887687,2.989631784104331,44.04951355564291,1.8941520515016634,34.85271601503206,4.311348223332777,1384.0522912568233,0.9948532584871239,-0.3035386939793687,,,abs,,avg,True,,squared_error,0.5,20,1.0,2,1,9,,14,0
1,155.2830257711008,1761.981231547081,12.461261002446774,41.97596016230101,8.637596742957706,33.973045097894186,112.71539197873524,450.0083976942206,0.9105828264438772,-0.18370360871537716,,,abs,,avg,True,,squared_error,0.5,50,1.0,2,1,3,,14,0
1,54.582387363902654,2454.0193283444096,7.387989399281962,49.53805939219268,4.986043504297564,40.96686559560582,10.22202031279445,850.0944596323111,0.9685696309703548,-0.6486166156650941,,,abs,,avg,True,,squared_error,0.5,50,1.0,2,1,5,,14,0
1,10.712024086211793,2013.8737387104716,3.272922865912332,44.87620459341979,2.2242366477978703,35.054679213241265,5.5834104176783645,765.9326172119518,0.993831657310271,-0.3529256551249573,,,abs,,avg,True,,squared_error,0.5,50,1.0,2,1,7,,14,0
1,1.678196533784886,2175.493423986949,1.2954522506773016,46.64218502586418,0.8723095273642504,36.600117202701554,2.6665522880703096,1551.4924598647792,0.9990336381585974,-0.4615021832263564,,,abs,,avg,True,,squared_error,0.5,50,1.0,2,1,9,,14,0
1,113.44813633787487,2048.597111784205,10.65120351593541,45.26143073063649,7.284098906282484,36.166742998711534,16.299970114430007,774.8876187751819,0.9346727586858348,-0.3762529081502686,,,abs,,avg,True,,squared_error,0.5,100,1.0,2,1,3,,14,0
1,24.172639461455226,3409.484982965942,4.916567853844308,58.390795361648756,3.3482734291896508,47.87164810951557,11.889452997175272,1516.2370125274406,0.9860805835840637,-1.290500946286517,,,abs,,avg,True,,squared_error,0.5,100,1.0,2,1,5,,14,0
1,2.9065422352189176,2230.5528274687804,1.7048584208722195,47.22872883604619,1.1867911238930122,36.91610126793079,3.612324460774216,684.8108447386252,0.9983263155119229,-0.4984912347714374,,,abs,,avg,True,,squared_error,0.5,100,1.0,2,1,7,,14,0
1,0.40523695282418243,1948.0076109841912,0.6365822435665186,44.136239202997245,0.4326607727559354,34.40290260023995,1.402635266011681,677.9738139929583,0.9997666509732014,-0.30867661791288126,,,abs,,avg,True,,squared_error,0.5,100,1.0,2,1,9,,14,0
1,69.82497939822231,2560.6610017503485,8.356134237685648,50.602974238184345,5.720028801405154,39.907497973675184,14.121879418054379,553.4270756005419,0.9597924353264019,-0.7202587713191704,,,abs,,avg,True,,squared_error,0.5,200,1.0,2,1,3,,14,0
1,8.550456381663265,3846.9364732264858,2.9241163420191176,62.02367671483597,2.04021344858367,50.930822757932475,7.121870356744665,632.8838643110957,0.9950763604813428,-1.584382003807582,,,abs,,avg,True,,squared_error,0.5,200,1.0,2,1,5,,14,0
1,0.7729290374342848,2593.0934412364595,0.8791638285520422,50.92242572027043,0.6211601610529316,39.564039686640086,1.791348112574599,654.5491297046593,0.9995549215405636,-0.7420469691568081,,,abs,,avg,True,,squared_error,0.5,200,1.0,2,1,7,,14,0
1,0.04758747391907676,2171.7097191095404,0.21814553380501917,46.60160640052594,0.1523962451576862,36.365214029517745,0.8102838554259686,843.9382787575097,0.9999725975367019,-0.45896028037432113,,,abs,,avg,True,,squared_error,0.5,200,1.0,2,1,9,,14,0
1,49.00765406900248,2810.5186714057586,7.000546697865994,53.01432515279015,4.754591552867664,40.85996015420825,11.533577626439639,2242.6947220462425,0.97177974934668,-0.8881138085584932,,,abs,,avg,True,,squared_error,0.5,300,1.0,2,1,3,,14,0
1,4.504993906468134,4150.8276065277,2.12249709221665,64.42691678582563,1.4927609528047547,52.84063293811471,4.150192460666855,2180.001412422622,0.9974058734365614,-1.7885368635216143,,,abs,,avg,True,,squared_error,0.5,300,1.0,2,1,5,,14,0
1,0.25195886126937284,2393.9057628597197,0.5019550390915235,48.92755627312404,0.3639506320920897,39.078844223916775,1.2592406320693517,537.0201884325469,0.9998549136384015,-0.6082321648418025,,,abs,,avg,True,,squared_error,0.5,300,1.0,2,1,7,,14,0
1,0.008507772736262884,2184.049587033141,0.09223758852150724,46.73381631145846,0.06469692016526808,37.24789514041215,0.6151936469288064,882.714642015128,0.9999951009391558,-0.4672502359826518,,,abs,,avg,True,,squared_error,0.5,300,1.0,2,1,9,,14,0
1,28.07835687939363,3555.553952741583,5.298901478551345,59.628465959989136,3.6106549788285647,45.69079047164545,10.919011683531386,1135.2936678286876,0.9838315405190748,-1.388630462963008,,,abs,,avg,True,,squared_error,0.5,500,1.0,2,1,3,,14,0
1,1.5357327810802146,3990.579547046663,1.2392468604278224,63.171034082454774,0.8899512887342448,51.335282221435875,2.51041300834458,1225.170042839029,0.9991156735648358,-1.680881797224008,,,abs,,avg,True,,squared_error,0.5,500,1.0,2,1,5,,14,0
1,0.043377912057543426,2462.6349555968523,0.2082736470548865,49.62494287751727,0.15268976700655973,39.22820845526852,0.797457453782538,4430.856917064758,0.9999750215435866,-0.6544046166309776,,,abs,,avg,True,,squared_error,0.5,500,1.0,2,1,7,,14,0
1,0.0004239309355644115,1918.1007417856588,0.020589583180929415,43.79612701810125,0.014728380103125906,34.2082999634591,0.5144651438164831,1252.4406695691275,0.999999755886351,-0.28858510481282496,,,abs,,avg,True,,squared_error,0.5,500,1.0,2,1,9,,14,0
